report_id,date,location,report_text
REP001,2026-01-11,Durgapur,"Rahul Sharma and Amit Das were observed meeting near Durgapur Railway Station. They remained together for approximately 30 minutes."
REP002,2026-01-13,Kolkata,"Suresh Roy met Arjun Singh near Park Street shortly after a financial transaction."
REP003,2026-01-16,Durgapur,"Surveillance identified Rahul Sharma travelling in vehicle WB12AB1234. The vehicle was later observed near City Centre."
REP004,2026-01-19,Kolkata,"Amit Das contacted an unidentified person using phone number 9876543210 before meeting Suresh Roy."
REP005,2026-01-21,Asansol,"Arjun Singh and Suresh Roy were seen near Asansol Railway Station carrying unidentified packages."
REP006,2026-01-24,Durgapur,"Rahul Sharma met Suresh Roy at a location near Durgapur City Centre. Multiple phone calls were recorded before the meeting."
REP007,2026-01-26,Kolkata,"A suspicious vehicle WB12AB1234 was observed outside a building where Amit Das and Arjun Singh later met."
REP008,2026-01-29,Asansol,"Suresh Roy was observed transferring a package to an unknown individual near Asansol Market."
REP009,2026-02-02,Durgapur,"Rahul Sharma and Arjun Singh travelled together shortly after a transaction involving account ACC9999."
REP010,2026-02-06,Kolkata,"Amit Das, Suresh Roy, and Arjun Singh were observed meeting at a location near Howrah Station."