call_id,caller,caller_phone,receiver,receiver_phone,date,time,duration_seconds,location
CALL001,Rahul Sharma,9876543210,Amit Das,9123456780,2026-01-10,10:30:00,180,Durgapur
CALL002,Amit Das,9123456780,Suresh Roy,9988776655,2026-01-11,14:20:00,240,Kolkata
CALL003,Rahul Sharma,9876543210,Suresh Roy,9988776655,2026-01-12,09:15:00,120,Durgapur
CALL004,Arjun Singh,9012345678,Rahul Sharma,9876543210,2026-01-15,18:40:00,300,Kolkata
CALL005,Suresh Roy,9988776655,Amit Das,9123456780,2026-01-18,11:25:00,420,Asansol
CALL006,Rahul Sharma,9876543210,Arjun Singh,9012345678,2026-01-20,22:10:00,600,Durgapur
CALL007,Amit Das,9123456780,Arjun Singh,9012345678,2026-01-22,16:30:00,90,Kolkata
CALL008,Suresh Roy,9988776655,Rahul Sharma,9876543210,2026-01-25,08:45:00,360,Durgapur
CALL009,Rahul Sharma,9876543210,Amit Das,9123456780,2026-01-28,23:15:00,480,Durgapur
CALL010,Amit Das,9123456780,Suresh Roy,9988776655,2026-02-01,19:20:00,720,Kolkata
CALL011,Arjun Singh,9012345678,Suresh Roy,9988776655,2026-02-03,12:10:00,150,Durgapur
CALL012,Suresh Roy,9988776655,Arjun Singh,9012345678,2026-02-05,21:30:00,540,Kolkata