entity,outgoing_calls,incoming_calls,unique_outgoing_contacts,unique_incoming_contacts,total_calls,unique_contacts,cdr_activity_score
SUB01487,21,24,21,23,45,44,44.6
SUB00399,22,22,22,22,44,44,44.0
SUB00948,18,25,18,25,43,43,43.0
SUB00988,20,22,20,22,42,42,42.0
SUB00509,19,23,18,23,42,41,41.6
SUB01113,18,23,18,23,41,41,41.0
SUB00794,22,19,22,19,41,41,41.0
SUB00898,22,19,22,19,41,41,41.0
SUB00528,21,20,21,20,41,41,41.0
SUB00087,18,23,18,23,41,41,41.0
SUB01284,22,18,22,18,40,40,40.0
SUB00293,18,22,18,22,40,40,40.0
SUB00387,24,16,24,16,40,40,40.0
SUB00639,21,19,21,19,40,40,40.0
SUB00561,23,17,23,17,40,40,40.0
SUB00019,22,17,22,17,39,39,39.0
SUB01037,20,19,20,19,39,39,39.0
SUB00849,23,16,23,16,39,39,39.0
SUB01154,22,17,22,17,39,39,39.0
SUB00618,19,20,19,20,39,39,39.0
SUB00259,18,21,18,21,39,39,39.0
SUB00111,18,21,18,21,39,39,39.0
SUB00133,23,16,23,15,39,38,38.6
SUB01480,15,24,15,23,39,38,38.6
SUB00685,19,20,19,19,39,38,38.6
SUB00333,13,25,13,25,38,38,38.0
SUB00179,17,21,17,21,38,38,38.0
SUB01361,20,18,20,18,38,38,38.0
SUB01101,21,17,21,17,38,38,38.0
SUB00984,19,19,19,19,38,38,38.0
SUB00892,17,21,17,21,38,38,38.0
SUB00016,21,17,21,17,38,38,38.0
SUB01180,25,13,24,13,38,37,37.6
SUB00216,20,17,20,17,37,37,37.0
SUB00343,11,26,11,26,37,37,37.0
SUB01367,18,19,18,19,37,37,37.0
SUB01448,20,17,20,17,37,37,37.0
SUB00357,13,24,13,24,37,37,37.0
SUB01136,23,14,23,14,37,37,37.0
SUB01170,24,13,24,13,37,37,37.0
SUB00791,14,23,14,23,37,37,37.0
SUB00994,16,21,16,21,37,37,37.0
SUB00959,16,21,16,21,37,37,37.0
SUB00816,17,20,17,20,37,37,37.0
SUB00624,15,22,15,22,37,37,37.0
SUB00690,20,17,20,17,37,37,37.0
SUB00149,24,13,23,13,37,36,36.6
SUB00850,20,16,20,16,36,36,36.0
SUB00560,17,19,17,19,36,36,36.0
SUB00623,20,16,20,16,36,36,36.0
SUB01066,15,21,15,21,36,36,36.0
SUB00661,23,13,23,13,36,36,36.0
SUB00770,20,16,20,16,36,36,36.0
SUB00940,16,20,16,20,36,36,36.0
SUB00973,17,19,17,19,36,36,36.0
SUB00420,20,16,20,16,36,36,36.0
SUB00351,13,23,13,23,36,36,36.0
SUB00079,21,15,21,15,36,36,36.0
SUB00447,19,17,19,17,36,36,36.0
SUB00273,20,16,20,16,36,36,36.0
SUB00186,13,23,13,23,36,36,36.0
SUB01404,18,18,18,18,36,36,36.0
SUB00107,14,22,14,22,36,36,36.0
SUB01498,18,18,18,18,36,36,36.0
SUB00761,18,18,18,17,36,35,35.6
SUB00899,19,17,18,17,36,35,35.6
SUB00368,18,18,17,18,36,35,35.6
SUB01185,23,13,22,13,36,35,35.6
SUB01293,17,18,17,18,35,35,35.0
SUB01342,22,13,22,13,35,35,35.0
SUB00798,18,17,18,17,35,35,35.0
SUB01038,17,18,17,18,35,35,35.0
SUB00917,21,14,21,14,35,35,35.0
SUB00925,23,12,23,12,35,35,35.0
SUB00726,21,14,21,14,35,35,35.0
SUB00757,16,19,16,19,35,35,35.0
SUB00542,18,17,18,17,35,35,35.0
SUB01142,18,17,18,17,35,35,35.0
SUB00662,20,15,20,15,35,35,35.0
SUB01097,25,10,25,10,35,35,35.0
SUB00806,17,18,17,18,35,35,35.0
SUB00001,17,18,17,18,35,35,35.0
SUB00621,17,18,17,18,35,35,35.0
SUB00202,16,19,16,19,35,35,35.0
SUB00214,16,19,16,19,35,35,35.0
SUB00936,18,17,18,17,35,35,35.0
SUB01493,14,21,14,21,35,35,35.0
SUB00327,13,22,13,22,35,35,35.0
SUB00367,14,21,14,21,35,35,35.0
SUB01261,17,18,17,18,35,35,35.0
SUB00508,17,18,17,18,35,35,35.0
SUB00421,16,19,16,19,35,35,35.0
SUB01206,17,18,17,18,35,35,35.0
SUB00450,22,13,22,13,35,35,35.0
SUB00521,17,18,17,18,35,35,35.0
SUB00516,21,14,21,14,35,35,35.0
SUB01089,23,12,23,12,35,35,35.0
SUB01076,17,18,17,18,35,35,35.0
SUB00965,11,24,11,24,35,35,35.0
SUB01318,16,19,16,18,35,34,34.6
SUB01270,20,15,19,15,35,34,34.6
SUB01143,14,21,13,21,35,34,34.6
SUB00027,13,22,12,22,35,34,34.6
SUB00031,15,20,15,19,35,34,34.6
SUB00025,17,17,17,17,34,34,34.0
SUB00017,17,17,17,17,34,34,34.0
SUB01326,16,18,16,18,34,34,34.0
SUB00434,18,16,18,16,34,34,34.0
SUB01388,16,18,16,18,34,34,34.0
SUB00381,19,15,19,15,34,34,34.0
SUB00371,16,18,16,18,34,34,34.0
SUB00375,15,19,15,19,34,34,34.0
SUB00344,16,18,16,18,34,34,34.0
SUB01263,11,23,11,23,34,34,34.0
SUB00525,14,20,14,20,34,34,34.0
SUB00531,16,18,16,18,34,34,34.0
SUB01204,20,14,20,14,34,34,34.0
SUB00464,18,16,18,16,34,34,34.0
SUB00557,17,17,17,17,34,34,34.0
SUB00628,18,16,18,16,34,34,34.0
SUB00162,20,14,20,14,34,34,34.0
SUB00165,18,16,18,16,34,34,34.0
SUB00768,13,21,13,21,34,34,34.0
SUB01152,22,12,22,12,34,34,34.0
SUB00664,18,16,18,16,34,34,34.0
SUB00666,15,19,15,19,34,34,34.0
SUB01034,19,15,19,15,34,34,34.0
SUB01041,18,16,18,16,34,34,34.0
SUB00846,14,20,14,20,34,34,34.0
SUB00930,17,17,17,17,34,34,34.0
SUB00209,12,22,12,22,34,34,34.0
SUB00225,11,23,11,23,34,34,34.0
SUB01464,15,19,15,19,34,34,34.0
SUB00234,16,18,16,18,34,34,34.0
SUB01317,19,15,19,15,34,34,34.0
SUB00270,18,16,18,16,34,34,34.0
SUB00233,16,18,16,18,34,34,34.0
SUB01444,21,13,21,13,34,34,34.0
SUB01467,15,19,15,19,34,34,34.0
SUB01321,17,17,17,17,34,34,34.0
SUB00302,16,18,16,18,34,34,34.0
SUB01283,12,22,12,22,34,34,34.0
SUB01296,9,25,9,25,34,34,34.0
SUB00308,21,13,21,13,34,34,34.0
SUB01305,14,20,14,20,34,34,34.0
SUB01285,15,19,15,19,34,34,34.0
SUB01240,13,21,12,21,34,33,33.6
SUB00271,20,14,20,13,34,33,33.6
SUB01363,12,22,12,21,34,33,33.6
SUB00836,18,16,17,16,34,33,33.6
SUB01275,17,17,15,17,34,32,33.2
SUB00986,19,14,19,14,33,33,33.0
SUB00913,19,14,19,14,33,33,33.0
SUB00870,17,16,17,16,33,33,33.0
SUB00744,13,20,13,20,33,33,33.0
SUB01054,15,18,15,18,33,33,33.0
SUB00828,17,16,17,16,33,33,33.0
SUB01017,18,15,18,15,33,33,33.0
SUB00738,18,15,18,15,33,33,33.0
SUB00106,17,16,17,16,33,33,33.0
SUB01460,14,19,14,19,33,33,33.0
SUB00916,18,15,18,15,33,33,33.0
SUB01090,19,14,19,14,33,33,33.0
SUB01004,11,22,11,22,33,33,33.0
SUB00876,14,19,14,19,33,33,33.0
SUB00883,12,21,12,21,33,33,33.0
SUB00497,11,22,11,22,33,33,33.0
SUB00395,15,18,15,18,33,33,33.0
SUB00530,14,19,14,19,33,33,33.0
SUB01402,19,14,19,14,33,33,33.0
SUB00649,20,13,20,13,33,33,33.0
SUB00657,15,18,15,18,33,33,33.0
SUB00691,15,18,15,18,33,33,33.0
SUB01093,20,13,20,13,33,33,33.0
SUB01117,18,15,18,15,33,33,33.0
SUB00570,13,20,13,20,33,33,33.0
SUB00540,17,16,17,16,33,33,33.0
SUB00518,18,15,18,15,33,33,33.0
SUB01333,17,16,17,16,33,33,33.0
SUB00245,21,12,21,12,33,33,33.0
SUB00239,17,16,17,16,33,33,33.0
SUB00307,22,11,22,11,33,33,33.0
SUB01406,20,13,19,13,33,32,32.6
SUB01083,21,12,20,12,33,32,32.6
SUB00992,18,15,17,15,33,32,32.6
SUB01099,15,18,15,17,33,32,32.6
SUB00580,18,15,18,14,33,32,32.6
SUB00573,14,19,13,19,33,32,32.6
SUB00147,15,18,14,18,33,32,32.6
SUB01215,15,18,14,18,33,32,32.6
SUB00329,16,17,15,17,33,32,32.6
SUB00511,18,15,17,15,33,32,32.6
SUB01213,18,15,17,15,33,32,32.6
SUB01297,21,12,21,11,33,32,32.6
SUB00021,20,12,20,12,32,32,32.0
SUB00095,19,13,19,13,32,32,32.0
SUB00931,11,21,11,21,32,32,32.0
SUB00924,13,19,13,19,32,32,32.0
SUB00871,18,14,18,14,32,32,32.0
SUB00985,16,16,16,16,32,32,32.0
SUB00982,19,13,19,13,32,32,32.0
SUB00900,17,15,17,15,32,32,32.0
SUB00878,11,21,11,21,32,32,32.0
SUB00874,19,13,19,13,32,32,32.0
SUB01014,18,14,18,14,32,32,32.0
SUB01416,13,19,13,19,32,32,32.0
SUB00999,21,11,21,11,32,32,32.0
SUB00217,18,14,18,14,32,32,32.0
SUB00869,17,15,17,15,32,32,32.0
SUB00858,15,17,15,17,32,32,32.0
SUB01452,16,16,16,16,32,32,32.0
SUB00491,14,18,14,18,32,32,32.0
SUB00495,15,17,15,17,32,32,32.0
SUB00498,14,18,14,18,32,32,32.0
SUB00213,16,16,16,16,32,32,32.0
SUB01226,15,17,15,17,32,32,32.0
SUB00814,22,10,22,10,32,32,32.0
SUB00820,20,12,20,12,32,32,32.0
SUB00763,23,9,23,9,32,32,32.0
SUB01047,16,16,16,16,32,32,32.0
SUB01056,9,23,9,23,32,32,32.0
SUB00732,17,15,17,15,32,32,32.0
SUB01032,17,15,17,15,32,32,32.0
SUB01036,19,13,19,13,32,32,32.0
SUB01439,14,18,14,18,32,32,32.0
SUB01071,20,12,20,12,32,32,32.0
SUB01328,17,15,17,15,32,32,32.0
SUB01320,18,14,18,14,32,32,32.0
SUB01114,16,16,16,16,32,32,32.0
SUB00606,15,17,15,17,32,32,32.0
SUB00620,20,12,20,12,32,32,32.0
SUB00615,15,17,15,17,32,32,32.0
SUB00632,17,15,17,15,32,32,32.0
SUB00698,20,12,20,12,32,32,32.0
SUB00055,14,18,14,18,32,32,32.0
SUB00694,14,18,14,18,32,32,32.0
SUB00721,13,19,13,19,32,32,32.0
SUB00129,16,16,16,16,32,32,32.0
SUB01443,17,15,17,15,32,32,32.0
SUB00072,15,17,15,17,32,32,32.0
SUB00392,12,20,12,20,32,32,32.0
SUB00397,15,17,15,17,32,32,32.0
SUB00311,15,17,15,17,32,32,32.0
SUB00317,15,17,15,17,32,32,32.0
SUB00320,14,18,14,18,32,32,32.0
SUB00543,12,20,12,20,32,32,32.0
SUB01178,19,13,19,13,32,32,32.0
SUB00155,13,19,13,19,32,32,32.0
SUB00466,17,15,17,15,32,32,32.0
SUB00455,18,14,18,14,32,32,32.0
SUB00339,13,19,13,19,32,32,32.0
SUB01238,17,15,17,15,32,32,32.0
SUB01277,16,16,16,16,32,32,32.0
SUB00376,21,11,21,11,32,32,32.0
SUB00177,18,14,18,14,32,32,32.0
SUB01385,16,16,16,16,32,32,32.0
SUB00074,16,16,16,16,32,32,32.0
SUB00082,15,17,15,17,32,32,32.0
SUB01309,14,18,14,18,32,32,32.0
SUB00592,17,15,17,15,32,32,32.0
SUB00575,18,14,18,14,32,32,32.0
SUB00568,15,17,15,17,32,32,32.0
SUB01139,18,14,18,14,32,32,32.0
SUB01295,18,14,18,14,32,32,32.0
SUB00579,15,17,15,17,32,32,32.0
SUB00576,10,22,10,22,32,32,32.0
SUB01129,10,22,10,22,32,32,32.0
SUB01130,18,14,18,14,32,32,32.0
SUB00859,17,15,16,15,32,31,31.6
SUB00762,21,11,20,11,32,31,31.6
SUB01462,16,16,16,15,32,31,31.6
SUB00325,18,14,17,14,32,31,31.6
SUB00612,14,18,14,17,32,31,31.6
SUB01301,16,16,15,16,32,31,31.6
SUB00703,19,13,18,13,32,31,31.6
SUB01440,15,17,15,16,32,31,31.6
SUB01245,20,12,19,12,32,31,31.6
SUB00283,19,13,18,13,32,31,31.6
SUB00868,17,15,16,14,32,30,31.2
SUB00942,19,12,19,12,31,31,31.0
SUB00977,15,16,15,16,31,31,31.0
SUB00886,13,18,13,18,31,31,31.0
SUB00881,19,12,19,12,31,31,31.0
SUB00993,18,13,18,13,31,31,31.0
SUB00926,17,14,17,14,31,31,31.0
SUB00246,13,18,13,18,31,31,31.0
SUB01459,17,14,17,14,31,31,31.0
SUB00126,14,17,14,17,31,31,31.0
SUB01068,16,15,16,15,31,31,31.0
SUB00123,17,14,17,14,31,31,31.0
SUB01045,11,20,11,20,31,31,31.0
SUB01418,13,18,13,18,31,31,31.0
SUB00112,19,12,19,12,31,31,31.0
SUB00227,15,16,15,16,31,31,31.0
SUB01340,12,19,12,19,31,31,31.0
SUB00839,18,13,18,13,31,31,31.0
SUB00221,17,14,17,14,31,31,31.0
SUB00113,20,11,20,11,31,31,31.0
SUB01059,10,21,10,21,31,31,31.0
SUB01040,9,22,9,22,31,31,31.0
SUB00231,13,18,13,18,31,31,31.0
SUB00804,12,19,12,19,31,31,31.0
SUB00118,15,16,15,16,31,31,31.0
SUB00728,16,15,16,15,31,31,31.0
SUB00733,14,17,14,17,31,31,31.0
SUB01063,22,9,22,9,31,31,31.0
SUB01405,16,15,16,15,31,31,31.0
SUB00599,15,16,15,16,31,31,31.0
SUB00638,16,15,16,15,31,31,31.0
SUB00673,15,16,15,16,31,31,31.0
SUB00266,10,21,10,21,31,31,31.0
SUB00702,16,15,16,15,31,31,31.0
SUB01081,14,17,14,17,31,31,31.0
SUB00160,13,18,13,18,31,31,31.0
SUB01138,15,16,15,16,31,31,31.0
SUB00549,10,21,10,21,31,31,31.0
SUB00304,13,18,13,18,31,31,31.0
SUB01156,14,17,14,17,31,31,31.0
SUB00565,13,18,13,18,31,31,31.0
SUB01127,22,9,22,9,31,31,31.0
SUB01313,18,13,18,13,31,31,31.0
SUB01311,15,16,15,16,31,31,31.0
SUB01231,20,11,20,11,31,31,31.0
SUB01376,12,19,12,19,31,31,31.0
SUB00428,17,14,17,14,31,31,31.0
SUB01219,17,14,17,14,31,31,31.0
SUB01199,14,17,14,17,31,31,31.0
SUB00476,17,14,17,14,31,31,31.0
SUB01358,19,12,19,12,31,31,31.0
SUB01196,17,14,17,14,31,31,31.0
SUB01242,18,13,18,13,31,31,31.0
SUB01244,18,13,18,13,31,31,31.0
SUB00396,21,10,21,10,31,31,31.0
SUB00356,16,15,16,15,31,31,31.0
SUB00052,12,19,12,19,31,31,31.0
SUB00028,15,16,15,16,31,31,31.0
SUB00029,21,10,21,10,31,31,31.0
SUB01465,20,11,20,11,31,31,31.0
SUB00330,18,13,18,12,31,30,30.6
SUB01400,16,15,16,14,31,30,30.6
SUB00365,15,16,14,16,31,30,30.6
SUB00855,19,12,18,12,31,30,30.6
SUB00196,16,15,15,15,31,30,30.6
SUB00426,14,17,13,17,31,30,30.6
SUB01334,15,16,15,15,31,30,30.6
SUB00232,15,16,15,15,31,30,30.6
SUB01236,14,17,13,17,31,30,30.6
SUB00637,11,20,11,19,31,30,30.6
SUB00547,13,18,12,18,31,30,30.6
SUB01366,14,17,13,17,31,30,30.6
SUB00457,16,15,16,14,31,30,30.6
SUB00718,15,16,14,16,31,30,30.6
SUB01359,15,16,15,15,31,30,30.6
SUB00515,15,16,15,14,31,29,30.2
SUB00146,13,17,13,17,30,30,30.0
SUB01157,10,20,10,20,30,30,30.0
SUB00601,16,14,16,14,30,30,30.0
SUB01153,14,16,14,16,30,30,30.0
SUB00865,16,14,16,14,30,30,30.0
SUB00997,16,14,16,14,30,30,30.0
SUB01249,11,19,11,19,30,30,30.0
SUB00838,17,13,17,13,30,30,30.0
SUB00845,16,14,16,14,30,30,30.0
SUB00382,16,14,16,14,30,30,30.0
SUB00384,14,16,14,16,30,30,30.0
SUB00143,16,14,16,14,30,30,30.0
SUB00541,12,18,12,18,30,30,30.0
SUB00175,15,15,15,15,30,30,30.0
SUB00169,12,18,12,18,30,30,30.0
SUB00915,16,14,16,14,30,30,30.0
SUB00990,17,13,17,13,30,30,30.0
SUB00893,18,12,18,12,30,30,30.0
SUB00901,10,20,10,20,30,30,30.0
SUB00872,13,17,13,17,30,30,30.0
SUB01144,21,9,21,9,30,30,30.0
SUB00553,15,15,15,15,30,30,30.0
SUB00558,14,16,14,16,30,30,30.0
SUB00566,15,15,15,15,30,30,30.0
SUB01463,18,12,18,12,30,30,30.0
SUB00011,13,17,13,17,30,30,30.0
SUB01474,16,14,16,14,30,30,30.0
SUB01092,14,16,14,16,30,30,30.0
SUB01379,15,15,15,15,30,30,30.0
SUB01355,14,16,14,16,30,30,30.0
SUB00210,15,15,15,15,30,30,30.0
SUB00125,14,16,14,16,30,30,30.0
SUB00066,12,18,12,18,30,30,30.0
SUB01188,18,12,18,12,30,30,30.0
SUB00489,13,17,13,17,30,30,30.0
SUB00921,16,14,16,14,30,30,30.0
SUB00342,15,15,15,15,30,30,30.0
SUB00590,16,14,16,14,30,30,30.0
SUB00588,18,12,18,12,30,30,30.0
SUB01483,15,15,15,15,30,30,30.0
SUB01491,18,12,18,12,30,30,30.0
SUB00944,16,14,16,14,30,30,30.0
SUB00137,14,16,14,16,30,30,30.0
SUB01383,12,18,12,18,30,30,30.0
SUB00445,12,18,12,18,30,30,30.0
SUB00244,15,15,15,15,30,30,30.0
SUB01106,18,12,18,12,30,30,30.0
SUB01105,20,10,20,10,30,30,30.0
SUB00680,17,13,17,13,30,30,30.0
SUB00821,16,14,16,14,30,30,30.0
SUB00446,17,13,17,13,30,30,30.0
SUB00810,17,13,17,13,30,30,30.0
SUB00422,16,14,16,14,30,30,30.0
SUB00194,17,13,17,13,30,30,30.0
SUB00166,17,13,17,13,30,30,30.0
SUB00412,15,15,15,15,30,30,30.0
SUB00848,17,13,17,13,30,30,30.0
SUB00998,13,17,13,17,30,30,30.0
SUB00117,15,15,15,15,30,30,30.0
SUB00754,19,11,19,11,30,30,30.0
SUB00483,16,14,16,14,30,30,30.0
SUB01200,13,17,13,17,30,30,30.0
SUB01202,18,12,18,12,30,30,30.0
SUB00084,14,16,14,16,30,30,30.0
SUB00262,13,17,13,17,30,30,30.0
SUB01084,16,14,16,14,30,30,30.0
SUB01067,15,15,15,15,30,30,30.0
SUB01169,19,11,19,11,30,30,30.0
SUB01050,17,13,17,13,30,30,30.0
SUB00416,15,15,15,15,30,30,30.0
SUB01112,13,17,13,17,30,30,30.0
SUB01233,16,14,16,14,30,30,30.0
SUB01015,11,19,11,19,30,30,30.0
SUB00049,17,13,17,13,30,30,30.0
SUB01423,10,20,10,19,30,29,29.6
SUB00946,14,16,14,15,30,29,29.6
SUB00032,16,14,16,13,30,29,29.6
SUB01421,11,19,11,18,30,29,29.6
SUB00847,16,14,16,13,30,29,29.6
SUB00077,10,20,9,20,30,29,29.6
SUB00765,9,21,9,20,30,29,29.6
SUB00717,18,12,17,12,30,29,29.6
SUB01173,14,16,13,16,30,29,29.6
SUB01018,14,16,14,15,30,29,29.6
SUB00797,16,14,14,14,30,28,29.2
SUB01289,16,13,16,13,29,29,29.0
SUB00896,10,19,10,19,29,29,29.0
SUB00956,15,14,15,14,29,29,29.0
SUB00012,18,11,18,11,29,29,29.0
SUB01303,15,14,15,14,29,29,29.0
SUB00554,18,11,18,11,29,29,29.0
SUB00303,15,14,15,14,29,29,29.0
SUB00336,15,14,15,14,29,29,29.0
SUB00863,11,18,11,18,29,29,29.0
SUB00377,9,20,9,20,29,29,29.0
SUB00908,5,24,5,24,29,29,29.0
SUB00907,10,19,10,19,29,29,29.0
SUB00226,18,11,18,11,29,29,29.0
SUB00220,11,18,11,18,29,29,29.0
SUB00911,15,14,15,14,29,29,29.0
SUB00444,17,12,17,12,29,29,29.0
SUB00658,15,14,15,14,29,29,29.0
SUB01107,14,15,14,15,29,29,29.0
SUB00438,12,17,12,17,29,29,29.0
SUB00243,12,17,12,17,29,29,29.0
SUB00257,17,12,17,12,29,29,29.0
SUB00256,11,18,11,18,29,29,29.0
SUB01243,10,19,10,19,29,29,29.0
SUB01265,15,14,15,14,29,29,29.0
SUB00406,11,18,11,18,29,29,29.0
SUB00173,13,16,13,16,29,29,29.0
SUB00627,17,12,17,12,29,29,29.0
SUB01425,15,14,15,14,29,29,29.0
SUB00393,16,13,16,13,29,29,29.0
SUB00141,13,16,13,16,29,29,29.0
SUB01392,17,12,17,12,29,29,29.0
SUB01029,10,19,10,19,29,29,29.0
SUB00781,16,13,16,13,29,29,29.0
SUB00793,16,13,16,13,29,29,29.0
SUB01223,14,15,14,15,29,29,29.0
SUB00453,17,12,17,12,29,29,29.0
SUB00522,17,12,17,12,29,29,29.0
SUB00546,21,8,21,8,29,29,29.0
SUB01094,14,15,14,15,29,29,29.0
SUB00255,12,17,12,17,29,29,29.0
SUB01177,14,15,14,15,29,29,29.0
SUB00705,13,16,13,16,29,29,29.0
SUB00101,15,14,15,14,29,29,29.0
SUB00043,13,16,13,16,29,29,29.0
SUB01324,12,17,12,17,29,29,29.0
SUB01075,16,13,16,13,29,29,29.0
SUB01166,13,16,13,16,29,29,29.0
SUB00746,16,13,16,13,29,29,29.0
SUB00730,15,14,15,14,29,29,29.0
SUB01395,14,15,14,15,29,29,29.0
SUB01043,13,16,13,16,29,29,29.0
SUB00727,15,14,15,14,29,29,29.0
SUB01364,9,20,9,20,29,29,29.0
SUB00783,16,13,16,13,29,29,29.0
SUB00955,13,16,13,16,29,29,29.0
SUB01077,12,17,12,17,29,29,29.0
SUB01413,17,12,17,12,29,29,29.0
SUB00085,15,14,15,14,29,29,29.0
SUB00471,17,12,17,12,29,29,29.0
SUB00104,14,15,14,15,29,29,29.0
SUB00475,14,15,14,15,29,29,29.0
SUB00473,11,18,11,18,29,29,29.0
SUB00699,11,18,11,18,29,29,29.0
SUB00105,19,10,19,10,29,29,29.0
SUB01486,14,15,14,15,29,29,29.0
SUB00903,11,18,11,18,29,29,29.0
SUB00943,18,11,18,11,29,29,29.0
SUB00938,12,17,12,17,29,29,29.0
SUB00934,13,16,13,16,29,29,29.0
SUB00962,14,15,14,15,29,29,29.0
SUB01087,11,18,11,17,29,28,28.6
SUB00401,18,11,18,10,29,28,28.6
SUB00833,20,9,19,9,29,28,28.6
SUB00640,12,17,12,16,29,28,28.6
SUB01453,11,18,10,17,29,27,28.2
SUB00929,13,15,13,15,28,28,28.0
SUB00902,17,11,17,11,28,28,28.0
SUB00905,16,12,16,12,28,28,28.0
SUB00586,14,14,14,14,28,28,28.0
SUB01256,12,16,12,16,28,28,28.0
SUB00053,14,14,14,14,28,28,28.0
SUB00975,17,11,17,11,28,28,28.0
SUB00345,13,15,13,15,28,28,28.0
SUB01492,12,16,12,16,28,28,28.0
SUB00952,13,15,13,15,28,28,28.0
SUB01427,11,17,11,17,28,28,28.0
SUB00711,14,14,14,14,28,28,28.0
SUB00713,12,16,12,16,28,28,28.0
SUB00715,11,17,11,17,28,28,28.0
SUB00700,16,12,16,12,28,28,28.0
SUB00701,10,18,10,18,28,28,28.0
SUB01181,10,18,10,18,28,28,28.0
SUB01184,10,18,10,18,28,28,28.0
SUB00083,11,17,11,17,28,28,28.0
SUB00277,16,12,16,12,28,28,28.0
SUB00589,19,9,19,9,28,28,28.0
SUB01500,14,14,14,14,28,28,28.0
SUB01489,11,17,11,17,28,28,28.0
SUB00919,17,11,17,11,28,28,28.0
SUB01360,20,8,20,8,28,28,28.0
SUB01357,16,12,16,12,28,28,28.0
SUB01351,11,17,11,17,28,28,28.0
SUB01070,12,16,12,16,28,28,28.0
SUB00771,15,13,15,13,28,28,28.0
SUB01055,15,13,15,13,28,28,28.0
SUB00042,15,13,15,13,28,28,28.0
SUB01433,15,13,15,13,28,28,28.0
SUB01394,9,19,9,19,28,28,28.0
SUB00529,13,15,13,15,28,28,28.0
SUB00533,15,13,15,13,28,28,28.0
SUB00653,15,13,15,13,28,28,28.0
SUB01207,14,14,14,14,28,28,28.0
SUB01208,14,14,14,14,28,28,28.0
SUB00749,10,18,10,18,28,28,28.0
SUB00056,13,15,13,15,28,28,28.0
SUB00819,17,11,17,11,28,28,28.0
SUB00774,11,17,11,17,28,28,28.0
SUB00250,14,14,14,14,28,28,28.0
SUB00799,15,13,15,13,28,28,28.0
SUB00630,13,15,13,15,28,28,28.0
SUB00634,15,13,15,13,28,28,28.0
SUB01119,13,15,13,15,28,28,28.0
SUB00247,14,14,14,14,28,28,28.0
SUB00614,14,14,14,14,28,28,28.0
SUB00523,8,20,8,20,28,28,28.0
SUB00524,11,17,11,17,28,28,28.0
SUB00824,14,14,14,14,28,28,28.0
SUB00835,15,13,15,13,28,28,28.0
SUB01227,13,15,13,15,28,28,28.0
SUB00410,13,15,13,15,28,28,28.0
SUB00462,12,16,12,16,28,28,28.0
SUB00837,16,12,16,12,28,28,28.0
SUB00404,12,16,12,16,28,28,28.0
SUB00109,14,14,14,14,28,28,28.0
SUB00114,12,16,12,16,28,28,28.0
SUB00115,11,17,11,17,28,28,28.0
SUB00140,13,15,13,15,28,28,28.0
SUB01145,14,14,14,14,28,28,28.0
SUB01148,9,19,9,19,28,28,28.0
SUB01281,13,15,13,15,28,28,28.0
SUB00314,12,16,12,16,28,28,28.0
SUB00300,12,16,12,16,28,28,28.0
SUB00602,13,15,13,15,28,28,28.0
SUB00328,12,16,12,16,28,28,28.0
SUB00875,16,12,16,12,28,28,28.0
SUB00840,13,15,13,15,28,28,28.0
SUB00201,13,15,13,15,28,28,28.0
SUB00363,17,11,17,11,28,28,28.0
SUB00912,14,14,14,14,28,28,28.0
SUB00989,15,13,15,13,28,28,28.0
SUB00991,17,11,17,11,28,28,28.0
SUB00608,16,12,16,12,28,28,28.0
SUB01128,17,11,17,11,28,28,28.0
SUB01135,15,13,15,13,28,28,28.0
SUB01141,15,13,15,13,28,28,28.0
SUB00559,19,9,19,9,28,28,28.0
SUB01300,19,9,19,9,28,28,28.0
SUB01302,18,10,18,10,28,28,28.0
SUB01312,14,14,14,14,28,28,28.0
SUB01316,13,15,13,15,28,28,28.0
SUB00207,12,16,12,16,28,28,28.0
SUB01476,16,12,16,12,28,28,28.0
SUB01470,16,12,16,12,28,28,28.0
SUB00957,12,16,12,15,28,27,27.6
SUB00920,13,15,13,14,28,27,27.6
SUB01398,13,15,13,14,28,27,27.6
SUB00134,12,16,12,15,28,27,27.6
SUB00889,16,12,16,11,28,27,27.6
SUB00987,16,12,16,11,28,27,27.6
SUB00856,17,11,16,11,28,27,27.6
SUB01365,12,16,12,15,28,27,27.6
SUB00844,18,10,18,9,28,27,27.6
SUB00073,15,13,15,12,28,27,27.6
SUB00460,13,15,13,14,28,27,27.6
SUB00018,7,21,7,20,28,27,27.6
SUB00465,14,14,14,13,28,27,27.6
SUB01225,17,11,16,11,28,27,27.6
SUB00826,14,14,14,13,28,27,27.6
SUB00132,14,14,14,13,28,27,27.6
SUB00122,17,11,16,11,28,27,27.6
SUB01412,11,17,10,17,28,27,27.6
SUB00555,9,18,9,18,27,27,27.0
SUB01307,15,12,15,12,27,27,27.0
SUB00023,14,13,14,13,27,27,27.0
SUB01131,14,13,14,13,27,27,27.0
SUB01401,12,15,12,15,27,27,27.0
SUB00360,14,13,14,13,27,27,27.0
SUB00358,6,21,6,21,27,27,27.0
SUB00605,14,13,14,13,27,27,27.0
SUB00877,11,16,11,16,27,27,27.0
SUB00502,15,12,15,12,27,27,27.0
SUB00864,13,14,13,14,27,27,27.0
SUB01179,13,14,13,14,27,27,27.0
SUB01182,12,15,12,15,27,27,27.0
SUB00285,12,15,12,15,27,27,27.0
SUB00708,16,11,16,11,27,27,27.0
SUB01346,12,15,12,15,27,27,27.0
SUB00198,13,14,13,14,27,27,27.0
SUB00678,12,15,12,15,27,27,27.0
SUB01253,18,9,18,9,27,27,27.0
SUB00373,11,16,11,16,27,27,27.0
SUB00670,15,12,15,12,27,27,27.0
SUB00672,10,17,10,17,27,27,27.0
SUB00334,16,11,16,11,27,27,27.0
SUB00332,14,13,14,13,27,27,27.0
SUB00556,13,14,13,14,27,27,27.0
SUB00974,17,10,17,10,27,27,27.0
SUB01391,15,12,15,12,27,27,27.0
SUB00595,12,15,12,15,27,27,27.0
SUB00318,15,12,15,12,27,27,27.0
SUB01290,14,13,14,13,27,27,27.0
SUB00583,14,13,14,13,27,27,27.0
SUB00593,12,15,12,15,27,27,27.0
SUB00562,11,16,11,16,27,27,27.0
SUB00574,12,15,12,15,27,27,27.0
SUB00350,14,13,14,13,27,27,27.0
SUB01162,15,12,15,12,27,27,27.0
SUB00652,11,16,11,16,27,27,27.0
SUB01330,16,11,16,11,27,27,27.0
SUB01091,12,15,12,15,27,27,27.0
SUB00461,12,15,12,15,27,27,27.0
SUB00758,18,9,18,9,27,27,27.0
SUB01190,19,8,19,8,27,27,27.0
SUB01192,18,9,18,9,27,27,27.0
SUB00802,16,11,16,11,27,27,27.0
SUB00805,15,12,15,12,27,27,27.0
SUB00775,14,13,14,13,27,27,27.0
SUB01221,12,15,12,15,27,27,27.0
SUB01212,15,12,15,12,27,27,27.0
SUB01217,14,13,14,13,27,27,27.0
SUB01195,13,14,13,14,27,27,27.0
SUB01194,12,15,12,15,27,27,27.0
SUB00785,15,12,15,12,27,27,27.0
SUB00776,15,12,15,12,27,27,27.0
SUB00013,18,9,18,9,27,27,27.0
SUB00047,14,13,14,13,27,27,27.0
SUB00950,17,10,17,10,27,27,27.0
SUB00044,12,15,12,15,27,27,27.0
SUB01490,15,12,15,12,27,27,27.0
SUB00093,13,14,13,14,27,27,27.0
SUB01370,14,13,14,13,27,27,27.0
SUB00963,18,9,18,9,27,27,27.0
SUB01431,17,10,17,10,27,27,27.0
SUB01051,13,14,13,14,27,27,27.0
SUB00740,15,12,15,12,27,27,27.0
SUB01030,13,14,13,14,27,27,27.0
SUB01062,14,13,14,13,27,27,27.0
SUB01064,10,17,10,17,27,27,27.0
SUB00269,14,13,14,13,27,27,27.0
SUB00486,14,13,14,13,27,27,27.0
SUB00704,16,11,16,11,27,27,27.0
SUB01441,12,15,12,15,27,27,27.0
SUB01012,11,16,11,16,27,27,27.0
SUB00116,14,13,14,13,27,27,27.0
SUB01005,18,9,18,9,27,27,27.0
SUB00481,14,13,14,13,27,27,27.0
SUB01419,9,18,9,18,27,27,27.0
SUB00742,11,16,11,16,27,27,27.0
SUB00756,12,15,12,15,27,27,27.0
SUB00759,16,11,16,11,27,27,27.0
SUB00831,11,16,11,16,27,27,27.0
SUB00822,20,7,20,7,27,27,27.0
SUB01420,9,18,9,18,27,27,27.0
SUB01239,15,12,15,12,27,27,27.0
SUB00716,15,12,15,12,27,27,27.0
SUB00394,10,17,10,17,27,27,27.0
SUB00069,18,9,18,9,27,27,27.0
SUB01461,15,12,15,12,27,27,27.0
SUB00391,16,11,16,11,27,27,27.0
SUB01111,14,13,14,13,27,27,27.0
SUB00536,14,13,14,13,27,27,27.0
SUB00534,13,14,13,14,27,27,27.0
SUB00364,13,14,13,14,27,27,27.0
SUB00633,10,17,10,17,27,27,27.0
SUB01125,12,15,12,15,27,27,27.0
SUB00651,10,17,10,17,27,27,27.0
SUB00910,12,15,12,15,27,27,27.0
SUB00278,16,11,16,11,27,27,27.0
SUB00348,18,9,18,9,27,27,27.0
SUB00007,12,15,12,15,27,27,27.0
SUB00192,20,7,20,7,27,27,27.0
SUB00970,10,17,10,17,27,27,27.0
SUB00792,15,12,15,12,27,27,27.0
SUB00812,6,21,6,21,27,27,27.0
SUB01003,7,20,7,20,27,27,27.0
SUB01353,12,15,12,15,27,27,27.0
SUB00479,9,18,9,18,27,27,27.0
SUB00499,13,14,13,14,27,27,27.0
SUB01046,14,13,13,13,27,26,26.6
SUB00482,12,15,11,15,27,26,26.6
SUB01224,15,12,15,11,27,26,26.6
SUB00010,13,14,12,14,27,26,26.6
SUB01369,17,10,17,9,27,26,26.6
SUB00204,13,14,12,14,27,26,26.6
SUB00809,11,16,10,16,27,26,26.6
SUB01264,11,16,11,15,27,26,26.6
SUB00619,15,12,15,11,27,26,26.6
SUB01251,14,13,13,13,27,26,26.6
SUB00383,16,11,15,11,27,26,26.6
SUB01126,14,13,13,12,27,25,26.2
SUB00366,15,11,15,11,26,26,26.0
SUB01110,15,11,15,11,26,26,26.0
SUB00369,13,13,13,13,26,26,26.0
SUB01098,12,14,12,14,26,26,26.0
SUB01327,18,8,18,8,26,26,26.0
SUB01168,14,12,14,12,26,26,26.0
SUB00655,15,11,15,11,26,26,26.0
SUB00650,13,13,13,13,26,26,26.0
SUB00503,17,9,17,9,26,26,26.0
SUB01086,10,16,10,16,26,26,26.0
SUB00884,12,14,12,14,26,26,26.0
SUB00862,14,12,14,12,26,26,26.0
SUB00578,10,16,10,16,26,26,26.0
SUB00585,11,15,11,15,26,26,26.0
SUB01134,12,14,12,14,26,26,26.0
SUB00584,15,11,15,11,26,26,26.0
SUB00594,13,13,13,13,26,26,26.0
SUB01314,13,13,13,13,26,26,26.0
SUB00301,11,15,11,15,26,26,26.0
SUB00306,9,17,9,17,26,26,26.0
SUB00349,11,15,11,15,26,26,26.0
SUB00550,17,9,17,9,26,26,26.0
SUB00978,13,13,13,13,26,26,26.0
SUB01257,13,13,13,13,26,26,26.0
SUB00022,10,16,10,16,26,26,26.0
SUB00026,14,12,14,12,26,26,26.0
SUB00981,9,17,9,17,26,26,26.0
SUB01255,12,14,12,14,26,26,26.0
SUB00136,12,14,12,14,26,26,26.0
SUB00598,18,8,18,8,26,26,26.0
SUB00181,15,11,15,11,26,26,26.0
SUB01382,12,14,12,14,26,26,26.0
SUB00597,10,16,10,16,26,26,26.0
SUB00600,12,14,12,14,26,26,26.0
SUB00379,17,9,17,9,26,26,26.0
SUB00361,9,17,9,17,26,26,26.0
SUB00646,17,9,17,9,26,26,26.0
SUB01108,19,7,19,7,26,26,26.0
SUB01102,17,9,17,9,26,26,26.0
SUB01100,12,14,12,14,26,26,26.0
SUB01267,11,15,11,15,26,26,26.0
SUB00331,14,12,14,12,26,26,26.0
SUB01272,12,14,12,14,26,26,26.0
SUB01252,17,9,17,9,26,26,26.0
SUB00263,10,16,10,16,26,26,26.0
SUB00080,6,20,6,20,26,26,26.0
SUB00512,12,14,12,14,26,26,26.0
SUB00078,14,12,14,12,26,26,26.0
SUB01348,15,11,15,11,26,26,26.0
SUB00228,12,14,12,14,26,26,26.0
SUB00229,13,13,13,13,26,26,26.0
SUB00504,15,11,15,11,26,26,26.0
SUB01344,18,8,18,8,26,26,26.0
SUB01160,10,16,10,16,26,26,26.0
SUB00156,14,12,14,12,26,26,26.0
SUB00157,10,16,10,16,26,26,26.0
SUB00183,12,14,12,14,26,26,26.0
SUB01072,13,13,13,13,26,26,26.0
SUB01434,11,15,11,15,26,26,26.0
SUB01246,14,12,14,12,26,26,26.0
SUB00276,14,12,14,12,26,26,26.0
SUB00103,8,18,8,18,26,26,26.0
SUB00474,16,10,16,10,26,26,26.0
SUB00211,15,11,15,11,26,26,26.0
SUB01449,13,13,13,13,26,26,26.0
SUB00265,14,12,14,12,26,26,26.0
SUB01447,12,14,12,14,26,26,26.0
SUB00110,10,16,10,16,26,26,26.0
SUB00723,15,11,15,11,26,26,26.0
SUB00057,14,12,14,12,26,26,26.0
SUB01436,15,11,15,11,26,26,26.0
SUB01332,15,11,15,11,26,26,26.0
SUB01407,11,15,11,15,26,26,26.0
SUB00841,11,15,11,15,26,26,26.0
SUB00419,13,13,13,13,26,26,26.0
SUB00390,17,9,17,9,26,26,26.0
SUB00735,14,12,14,12,26,26,26.0
SUB00764,12,14,12,14,26,26,26.0
SUB00825,20,6,20,6,26,26,26.0
SUB00432,12,14,12,14,26,26,26.0
SUB00818,15,11,15,11,26,26,26.0
SUB00778,15,11,15,11,26,26,26.0
SUB01335,14,12,14,12,26,26,26.0
SUB00443,16,10,16,10,26,26,26.0
SUB00459,13,13,13,13,26,26,26.0
SUB00454,11,15,11,15,26,26,26.0
SUB01031,14,12,14,12,26,26,26.0
SUB01193,13,13,13,13,26,26,26.0
SUB00463,14,12,14,12,26,26,26.0
SUB00414,14,12,14,12,26,26,26.0
SUB01019,15,11,15,11,26,26,26.0
SUB01027,15,11,15,11,26,26,26.0
SUB00949,14,12,14,12,26,26,26.0
SUB00969,18,8,18,8,26,26,26.0
SUB01469,13,13,13,13,26,26,26.0
SUB00008,13,13,13,13,26,26,26.0
SUB00435,15,11,15,11,26,26,26.0
SUB01381,12,14,12,14,26,26,26.0
SUB00235,16,10,16,10,26,26,26.0
SUB00240,9,17,9,17,26,26,26.0
SUB00937,9,17,9,17,26,26,26.0
SUB00958,13,13,13,13,26,26,26.0
SUB00960,15,11,15,11,26,26,26.0
SUB00961,7,19,7,19,26,26,26.0
SUB00096,10,16,10,16,26,26,26.0
SUB00092,15,11,15,11,26,26,26.0
SUB01482,14,12,14,12,26,26,26.0
SUB00954,14,12,14,12,26,26,26.0
SUB00441,16,10,16,9,26,25,25.6
SUB00403,13,13,13,12,26,25,25.6
SUB01061,6,20,6,19,26,25,25.6
SUB00743,12,14,11,14,26,25,25.6
SUB01352,11,15,10,15,26,25,25.6
SUB01409,9,17,9,16,26,25,25.6
SUB00686,10,16,9,16,26,25,25.6
SUB00681,12,14,11,13,26,24,25.2
SUB00520,21,5,19,5,26,24,25.2
SUB00033,9,16,9,16,25,25,25.0
SUB01471,9,16,9,16,25,25,25.0
SUB01496,11,14,11,14,25,25,25.0
SUB00171,15,10,15,10,25,25,25.0
SUB00248,9,16,9,16,25,25,25.0
SUB00801,12,13,12,13,25,25,25.0
SUB00189,11,14,11,14,25,25,25.0
SUB00452,8,17,8,17,25,25,25.0
SUB00439,12,13,12,13,25,25,25.0
SUB01021,10,15,10,15,25,25,25.0
SUB00790,12,13,12,13,25,25,25.0
SUB00832,14,11,14,11,25,25,25.0
SUB01228,18,7,18,7,25,25,25.0
SUB00415,15,10,15,10,25,25,25.0
SUB01473,15,10,15,10,25,25,25.0
SUB00258,13,12,13,12,25,25,25.0
SUB01468,15,10,15,10,25,25,25.0
SUB01429,17,8,17,8,25,25,25.0
SUB00034,12,13,12,13,25,25,25.0
SUB00405,18,7,18,7,25,25,25.0
SUB00099,13,12,13,12,25,25,25.0
SUB01008,13,12,13,12,25,25,25.0
SUB01455,11,14,11,14,25,25,25.0
SUB01229,11,14,11,14,25,25,25.0
SUB00741,10,15,10,15,25,25,25.0
SUB01042,12,13,12,13,25,25,25.0
SUB00456,12,13,12,13,25,25,25.0
SUB01060,10,15,10,15,25,25,25.0
SUB00823,10,15,10,15,25,25,25.0
SUB01013,10,15,10,15,25,25,25.0
SUB01424,12,13,12,13,25,25,25.0
SUB01009,13,12,13,12,25,25,25.0
SUB00787,14,11,14,11,25,25,25.0
SUB00755,15,10,15,10,25,25,25.0
SUB00739,13,12,13,12,25,25,25.0
SUB00039,16,9,16,9,25,25,25.0
SUB01002,14,11,14,11,25,25,25.0
SUB01258,13,12,13,12,25,25,25.0
SUB00852,12,13,12,13,25,25,25.0
SUB00187,15,10,15,10,25,25,25.0
SUB01073,12,13,12,13,25,25,25.0
SUB01278,14,11,14,11,25,25,25.0
SUB00480,12,13,12,13,25,25,25.0
SUB00038,10,15,10,15,25,25,25.0
SUB00842,13,12,13,12,25,25,25.0
SUB00058,12,13,12,13,25,25,25.0
SUB00719,10,15,10,15,25,25,25.0
SUB00059,15,10,15,10,25,25,25.0
SUB00468,15,10,15,10,25,25,25.0
SUB00253,18,7,18,7,25,25,25.0
SUB00947,16,9,16,9,25,25,25.0
SUB00324,14,11,14,11,25,25,25.0
SUB00161,14,11,14,11,25,25,25.0
SUB00625,11,14,11,14,25,25,25.0
SUB00688,17,8,17,8,25,25,25.0
SUB00684,13,12,13,12,25,25,25.0
SUB01122,9,16,9,16,25,25,25.0
SUB01456,14,11,14,11,25,25,25.0
SUB01438,10,15,10,15,25,25,25.0
SUB00076,13,12,13,12,25,25,25.0
SUB01174,11,14,11,14,25,25,25.0
SUB00223,11,14,11,14,25,25,25.0
SUB00215,16,9,16,9,25,25,25.0
SUB00861,8,17,8,17,25,25,25.0
SUB00478,15,10,15,10,25,25,25.0
SUB01451,12,13,12,13,25,25,25.0
SUB00274,13,12,13,12,25,25,25.0
SUB00983,16,9,16,9,25,25,25.0
SUB00527,14,11,14,11,25,25,25.0
SUB00709,14,11,14,11,25,25,25.0
SUB01322,10,15,10,15,25,25,25.0
SUB01250,15,10,15,10,25,25,25.0
SUB01276,10,15,10,15,25,25,25.0
SUB00341,9,16,9,16,25,25,25.0
SUB01269,9,16,9,16,25,25,25.0
SUB00665,11,14,11,14,25,25,25.0
SUB00897,18,7,18,7,25,25,25.0
SUB00891,18,7,18,7,25,25,25.0
SUB00675,12,13,12,13,25,25,25.0
SUB00674,14,11,14,11,25,25,25.0
SUB01339,8,17,8,17,25,25,25.0
SUB00879,8,17,8,17,25,25,25.0
SUB01165,18,7,18,7,25,25,25.0
SUB00567,14,11,14,11,25,25,25.0
SUB01294,11,14,11,14,25,25,25.0
SUB00571,12,13,12,13,25,25,25.0
SUB01384,14,11,14,11,25,25,25.0
SUB00176,11,14,11,14,25,25,25.0
SUB01132,13,12,13,12,25,25,25.0
SUB01115,11,14,11,14,25,25,25.0
SUB00643,10,15,10,15,25,25,25.0
SUB00635,12,13,12,13,25,25,25.0
SUB00654,10,15,10,15,25,25,25.0
SUB00887,14,11,14,11,25,25,25.0
SUB00389,9,16,9,16,25,25,25.0
SUB00932,12,13,12,13,25,25,25.0
SUB00923,18,7,18,7,25,25,25.0
SUB01280,11,14,11,14,25,25,25.0
SUB01151,15,10,15,10,25,25,25.0
SUB00353,14,11,14,11,25,25,25.0
SUB00024,9,16,9,16,25,25,25.0
SUB00939,19,6,19,6,25,25,25.0
SUB00569,9,16,9,16,25,25,25.0
SUB01287,12,13,12,13,25,25,25.0
SUB00295,13,12,13,12,25,25,25.0
SUB00205,13,12,12,12,25,24,24.6
SUB00780,15,10,14,10,25,24,24.6
SUB00212,11,14,11,13,25,24,24.6
SUB01007,8,17,8,16,25,24,24.6
SUB00188,14,11,14,10,25,24,24.6
SUB01026,14,11,14,10,25,24,24.6
SUB00663,16,9,15,9,25,24,24.6
SUB01103,14,11,13,11,25,24,24.6
SUB00506,16,9,15,9,25,24,24.6
SUB00378,14,11,14,10,25,24,24.6
SUB00046,15,9,15,9,24,24,24.0
SUB00067,14,10,14,10,24,24,24.0
SUB00062,14,10,14,10,24,24,24.0
SUB01457,11,13,11,13,24,24,24.0
SUB00904,13,11,13,11,24,24,24.0
SUB00928,9,15,9,15,24,24,24.0
SUB00918,12,12,12,12,24,24,24.0
SUB00976,11,13,11,13,24,24,24.0
SUB01446,13,11,13,11,24,24,24.0
SUB00075,14,10,14,10,24,24,24.0
SUB01442,9,15,9,15,24,24,24.0
SUB01437,12,12,12,12,24,24,24.0
SUB01432,10,14,10,14,24,24,24.0
SUB00090,15,9,15,9,24,24,24.0
SUB00089,8,16,8,16,24,24,24.0
SUB00086,16,8,16,8,24,24,24.0
SUB00131,14,10,14,10,24,24,24.0
SUB00894,13,11,13,11,24,24,24.0
SUB00888,11,13,11,13,24,24,24.0
SUB00128,11,13,11,13,24,24,24.0
SUB01410,9,15,9,15,24,24,24.0
SUB01399,14,10,14,10,24,24,24.0
SUB00139,17,7,17,7,24,24,24.0
SUB00138,12,12,12,12,24,24,24.0
SUB00163,10,14,10,14,24,24,24.0
SUB01393,17,7,17,7,24,24,24.0
SUB01389,14,10,14,10,24,24,24.0
SUB00172,15,9,15,9,24,24,24.0
SUB01380,16,8,16,8,24,24,24.0
SUB01377,11,13,11,13,24,24,24.0
SUB01372,7,17,7,17,24,24,24.0
SUB01350,14,10,14,10,24,24,24.0
SUB01345,10,14,10,14,24,24,24.0
SUB01343,9,15,9,15,24,24,24.0
SUB01337,15,9,15,9,24,24,24.0
SUB00834,11,13,11,13,24,24,24.0
SUB00853,13,11,13,11,24,24,24.0
SUB00851,11,13,11,13,24,24,24.0
SUB00230,9,15,9,15,24,24,24.0
SUB00260,14,10,14,10,24,24,24.0
SUB00254,15,9,15,9,24,24,24.0
SUB00268,13,11,13,11,24,24,24.0
SUB00288,16,8,16,8,24,24,24.0
SUB00280,8,16,8,16,24,24,24.0
SUB01299,12,12,12,12,24,24,24.0
SUB00296,13,11,13,11,24,24,24.0
SUB00321,13,11,13,11,24,24,24.0
SUB00338,11,13,11,13,24,24,24.0
SUB01266,11,13,11,13,24,24,24.0
SUB01262,7,17,7,17,24,24,24.0
SUB01254,16,8,16,8,24,24,24.0
SUB00355,11,13,11,13,24,24,24.0
SUB00800,13,11,13,11,24,24,24.0
SUB00796,7,17,7,17,24,24,24.0
SUB00362,10,14,10,14,24,24,24.0
SUB01247,12,12,12,12,24,24,24.0
SUB00413,12,12,12,12,24,24,24.0
SUB01232,14,10,14,10,24,24,24.0
SUB00433,8,16,8,16,24,24,24.0
SUB00427,17,7,17,7,24,24,24.0
SUB01220,13,11,13,11,24,24,24.0
SUB01209,10,14,10,14,24,24,24.0
SUB00449,13,11,13,11,24,24,24.0
SUB00458,9,15,9,15,24,24,24.0
SUB00484,12,12,12,12,24,24,24.0
SUB00477,10,14,10,14,24,24,24.0
SUB01044,19,5,19,5,24,24,24.0
SUB01039,15,9,15,9,24,24,24.0
SUB00784,15,9,15,9,24,24,24.0
SUB00501,10,14,10,14,24,24,24.0
SUB00493,17,7,17,7,24,24,24.0
SUB00487,6,18,6,18,24,24,24.0
SUB01189,11,13,11,13,24,24,24.0
SUB01186,12,12,12,12,24,24,24.0
SUB00517,12,12,12,12,24,24,24.0
SUB01172,10,14,10,14,24,24,24.0
SUB01171,16,8,16,8,24,24,24.0
SUB01167,10,14,10,14,24,24,24.0
SUB01161,11,13,11,13,24,24,24.0
SUB01158,16,8,16,8,24,24,24.0
SUB00526,11,13,11,13,24,24,24.0
SUB00731,14,10,14,10,24,24,24.0
SUB00747,14,10,14,10,24,24,24.0
SUB01049,15,9,15,9,24,24,24.0
SUB01048,11,13,11,13,24,24,24.0
SUB00537,15,9,15,9,24,24,24.0
SUB00535,10,14,10,14,24,24,24.0
SUB00552,12,12,12,12,24,24,24.0
SUB00581,17,7,17,7,24,24,24.0
SUB00596,14,10,14,10,24,24,24.0
SUB01137,15,9,15,9,24,24,24.0
SUB00610,14,10,14,10,24,24,24.0
SUB00607,13,11,13,11,24,24,24.0
SUB00617,10,14,10,14,24,24,24.0
SUB01118,8,16,8,16,24,24,24.0
SUB00642,9,15,9,15,24,24,24.0
SUB01104,11,13,11,13,24,24,24.0
SUB01096,11,13,11,13,24,24,24.0
SUB01095,15,9,15,9,24,24,24.0
SUB00724,12,12,12,12,24,24,24.0
SUB00722,12,12,12,12,24,24,24.0
SUB00720,13,11,13,11,24,24,24.0
SUB00714,13,11,13,11,24,24,24.0
SUB00710,15,9,15,9,24,24,24.0
SUB00668,15,9,15,9,24,24,24.0
SUB00689,14,10,14,10,24,24,24.0
SUB00679,9,15,9,15,24,24,24.0
SUB01085,5,19,5,19,24,24,24.0
SUB01082,13,11,13,11,24,24,24.0
SUB00707,9,15,9,15,24,24,24.0
SUB01499,13,11,13,11,24,24,24.0
SUB01495,16,8,16,8,24,24,24.0
SUB00036,10,14,10,14,24,24,24.0
SUB00035,9,15,9,15,24,24,24.0
SUB00180,11,13,11,12,24,23,23.6
SUB00882,8,16,8,15,24,23,23.6
SUB00692,14,10,13,10,24,23,23.6
SUB01288,11,13,10,13,24,23,23.6
SUB00603,8,16,8,15,24,23,23.6
SUB00335,11,13,10,13,24,23,23.6
SUB00294,15,9,14,9,24,23,23.6
SUB00551,9,15,9,14,24,23,23.6
SUB00656,8,16,8,15,24,23,23.6
SUB00582,12,12,11,11,24,22,23.2
SUB01426,13,10,13,10,23,23,23.0
SUB00152,10,13,10,13,23,23,23.0
SUB01386,11,12,11,12,23,23,23.0
SUB01375,12,11,12,11,23,23,23.0
SUB01378,13,10,13,10,23,23,23.0
SUB00676,13,10,13,10,23,23,23.0
SUB00695,11,12,11,12,23,23,23.0
SUB01475,8,15,8,15,23,23,23.0
SUB01078,9,14,9,14,23,23,23.0
SUB00121,10,13,10,13,23,23,23.0
SUB01403,11,12,11,12,23,23,23.0
SUB00909,12,11,12,11,23,23,23.0
SUB00261,11,12,11,12,23,23,23.0
SUB01000,13,10,13,10,23,23,23.0
SUB01016,11,12,11,12,23,23,23.0
SUB01053,10,13,10,13,23,23,23.0
SUB00538,10,13,10,13,23,23,23.0
SUB01354,13,10,13,10,23,23,23.0
SUB00644,11,12,11,12,23,23,23.0
SUB00629,11,12,11,12,23,23,23.0
SUB00626,12,11,12,11,23,23,23.0
SUB00242,16,7,16,7,23,23,23.0
SUB01020,13,10,13,10,23,23,23.0
SUB00219,10,13,10,13,23,23,23.0
SUB01349,12,11,12,11,23,23,23.0
SUB00208,12,11,12,11,23,23,23.0
SUB00088,16,7,16,7,23,23,23.0
SUB00097,13,10,13,10,23,23,23.0
SUB00098,9,14,9,14,23,23,23.0
SUB00004,9,14,9,14,23,23,23.0
SUB00068,13,10,13,10,23,23,23.0
SUB00009,12,11,12,11,23,23,23.0
SUB00063,13,10,13,10,23,23,23.0
SUB01211,12,11,12,11,23,23,23.0
SUB01205,12,11,12,11,23,23,23.0
SUB00372,14,9,14,9,23,23,23.0
SUB01203,10,13,10,13,23,23,23.0
SUB00388,9,14,9,14,23,23,23.0
SUB00374,10,13,10,13,23,23,23.0
SUB00380,11,12,11,12,23,23,23.0
SUB00385,10,13,10,13,23,23,23.0
SUB01235,14,9,14,9,23,23,23.0
SUB00407,10,13,10,13,23,23,23.0
SUB00402,10,13,10,13,23,23,23.0
SUB01488,15,8,15,8,23,23,23.0
SUB00966,9,14,9,14,23,23,23.0
SUB01472,11,12,11,12,23,23,23.0
SUB00922,12,11,12,11,23,23,23.0
SUB01025,14,9,14,9,23,23,23.0
SUB01191,13,10,13,10,23,23,23.0
SUB00423,15,8,15,8,23,23,23.0
SUB00807,11,12,11,12,23,23,23.0
SUB00815,10,13,10,13,23,23,23.0
SUB01260,13,10,13,10,23,23,23.0
SUB01155,9,14,9,14,23,23,23.0
SUB01133,16,7,16,7,23,23,23.0
SUB00500,13,10,13,10,23,23,23.0
SUB01159,10,13,10,13,23,23,23.0
SUB00286,12,11,12,11,23,23,23.0
SUB01292,20,3,20,3,23,23,23.0
SUB01291,10,13,10,13,23,23,23.0
SUB00647,12,11,12,11,23,23,23.0
SUB00313,12,11,12,11,23,23,23.0
SUB00431,13,10,13,10,23,23,23.0
SUB01120,12,11,12,11,23,23,23.0
SUB00316,7,16,7,16,23,23,23.0
SUB01282,10,13,10,13,23,23,23.0
SUB01273,10,13,10,13,23,23,23.0
SUB01279,18,5,18,5,23,23,23.0
SUB00310,11,12,11,12,23,23,23.0
SUB01268,7,16,7,16,23,23,23.0
SUB00340,12,11,12,11,23,23,23.0
SUB01271,13,10,13,10,23,23,23.0
SUB00492,14,9,14,9,23,23,23.0
SUB01466,12,11,12,11,23,23,23.0
SUB00750,8,15,8,14,23,22,22.6
SUB00467,12,11,11,11,23,22,22.6
SUB00315,10,13,10,12,23,22,22.6
SUB00272,12,11,12,10,23,22,22.6
SUB00430,9,14,9,13,23,22,22.6
SUB01001,13,10,12,10,23,22,22.6
SUB01304,13,10,12,10,23,22,22.6
SUB01187,11,12,11,11,23,22,22.6
SUB01198,9,14,9,13,23,22,22.6
SUB00485,13,10,12,10,23,22,22.6
SUB01417,12,11,12,10,23,22,22.6
SUB00148,13,10,12,9,23,21,22.2
SUB00014,13,9,13,9,22,22,22.0
SUB01430,8,14,8,14,22,22,22.0
SUB00041,15,7,15,7,22,22,22.0
SUB01079,9,13,9,13,22,22,22.0
SUB00687,14,8,14,8,22,22,22.0
SUB01080,14,8,14,8,22,22,22.0
SUB00667,10,12,10,12,22,22,22.0
SUB00996,7,15,7,15,22,22,22.0
SUB00737,7,15,7,15,22,22,22.0
SUB00064,12,10,12,10,22,22,22.0
SUB01374,10,12,10,12,22,22,22.0
SUB00167,9,13,9,13,22,22,22.0
SUB01397,12,10,12,10,22,22,22.0
SUB00168,10,12,10,12,22,22,22.0
SUB00158,11,11,11,11,22,22,22.0
SUB00914,12,10,12,10,22,22,22.0
SUB00154,15,7,15,7,22,22,22.0
SUB00736,8,14,8,14,22,22,22.0
SUB01477,8,14,8,14,22,22,22.0
SUB00752,13,9,13,9,22,22,22.0
SUB00249,14,8,14,8,22,22,22.0
SUB01319,10,12,10,12,22,22,22.0
SUB00287,12,10,12,10,22,22,22.0
SUB00291,8,14,8,14,22,22,22.0
SUB01310,11,11,11,11,22,22,22.0
SUB00264,12,10,12,10,22,22,22.0
SUB00564,11,11,11,11,22,22,22.0
SUB00867,9,13,9,13,22,22,22.0
SUB00237,13,9,13,9,22,22,22.0
SUB00275,14,8,14,8,22,22,22.0
SUB00827,13,9,13,9,22,22,22.0
SUB01121,14,8,14,8,22,22,22.0
SUB01116,9,13,9,13,22,22,22.0
SUB00660,10,12,10,12,22,22,22.0
SUB00200,6,16,6,16,22,22,22.0
SUB00224,12,10,12,10,22,22,22.0
SUB01373,15,7,15,7,22,22,22.0
SUB00830,16,6,16,6,22,22,22.0
SUB01052,13,9,13,9,22,22,22.0
SUB01010,11,11,11,11,22,22,22.0
SUB00519,10,12,10,12,22,22,22.0
SUB00505,9,13,9,13,22,22,22.0
SUB00779,9,13,9,13,22,22,22.0
SUB00786,12,10,12,10,22,22,22.0
SUB00323,6,16,6,16,22,22,22.0
SUB00305,11,11,11,11,22,22,22.0
SUB00309,9,13,9,13,22,22,22.0
SUB00753,13,9,13,9,22,22,22.0
SUB00532,9,13,9,13,22,22,22.0
SUB01058,11,11,11,11,22,22,22.0
SUB01197,14,8,14,8,22,22,22.0
SUB00514,12,10,12,10,22,22,22.0
SUB00496,11,11,11,11,22,22,22.0
SUB00811,10,12,10,12,22,22,22.0
SUB00773,9,13,9,13,22,22,22.0
SUB00766,9,13,9,13,22,22,22.0
SUB00788,11,11,11,11,22,22,22.0
SUB00803,14,8,14,8,22,22,22.0
SUB01216,12,10,12,10,22,22,22.0
SUB00425,10,12,10,12,22,22,22.0
SUB00813,10,12,10,12,22,22,22.0
SUB01022,8,14,8,14,22,22,22.0
SUB01237,11,11,11,11,22,22,22.0
SUB01241,13,9,13,9,22,22,22.0
SUB00451,6,16,6,16,22,22,22.0
SUB00436,8,14,8,14,22,22,22.0
SUB00968,12,10,12,10,22,22,22.0
SUB00972,9,13,9,13,22,22,22.0
SUB00980,10,12,10,12,22,22,22.0
SUB01234,13,9,13,9,22,22,22.0
SUB00941,7,15,7,15,22,22,22.0
SUB00051,11,11,11,11,22,22,22.0
SUB00964,8,14,8,14,22,22,22.0
SUB01479,12,10,12,10,22,22,22.0
SUB00967,14,8,14,7,22,21,21.6
SUB00312,7,15,6,15,22,21,21.6
SUB01347,9,13,8,13,22,21,21.6
SUB01147,9,13,9,12,22,21,21.6
SUB00197,10,12,10,11,22,21,21.6
SUB01458,8,13,8,13,21,21,21.0
SUB01023,6,15,6,15,21,21,21.0
SUB01024,12,9,12,9,21,21,21.0
SUB00347,8,13,8,13,21,21,21.0
SUB00979,14,7,14,7,21,21,21.0
SUB01210,13,8,13,8,21,21,21.0
SUB00359,10,11,10,11,21,21,21.0
SUB00442,13,8,13,8,21,21,21.0
SUB01176,12,9,12,9,21,21,21.0
SUB00488,9,12,9,12,21,21,21.0
SUB01274,8,13,8,13,21,21,21.0
SUB01033,11,10,11,10,21,21,21.0
SUB00777,7,14,7,14,21,21,21.0
SUB00030,7,14,7,14,21,21,21.0
SUB01485,6,15,6,15,21,21,21.0
SUB01306,11,10,11,10,21,21,21.0
SUB00751,12,9,12,9,21,21,21.0
SUB00281,9,12,9,12,21,21,21.0
SUB00236,16,5,16,5,21,21,21.0
SUB01325,13,8,13,8,21,21,21.0
SUB01286,12,9,12,9,21,21,21.0
SUB00298,9,12,9,12,21,21,21.0
SUB00319,8,13,8,13,21,21,21.0
SUB01183,9,12,9,12,21,21,21.0
SUB00292,9,12,9,12,21,21,21.0
SUB00290,13,8,13,8,21,21,21.0
SUB00289,13,8,13,8,21,21,21.0
SUB00238,13,8,13,8,21,21,21.0
SUB01390,10,11,10,11,21,21,21.0
SUB00195,13,8,13,8,21,21,21.0
SUB00151,8,13,8,13,21,21,21.0
SUB00604,13,8,13,8,21,21,21.0
SUB00616,16,5,16,5,21,21,21.0
SUB00159,13,8,13,8,21,21,21.0
SUB01123,14,7,14,7,21,21,21.0
SUB00174,5,16,5,16,21,21,21.0
SUB00178,10,11,10,11,21,21,21.0
SUB00203,8,13,8,13,21,21,21.0
SUB00613,10,11,10,11,21,21,21.0
SUB01150,7,14,7,14,21,21,21.0
SUB01057,8,13,8,13,21,21,21.0
SUB01341,12,9,12,9,21,21,21.0
SUB00843,14,7,14,7,21,21,21.0
SUB00548,9,12,9,12,21,21,21.0
SUB00472,9,12,9,12,21,21,21.0
SUB00354,9,12,9,12,21,21,21.0
SUB00945,11,10,11,10,21,21,21.0
SUB00142,7,14,7,14,21,21,21.0
SUB01411,13,8,13,8,21,21,21.0
SUB00119,8,13,8,13,21,21,21.0
SUB00895,12,9,12,9,21,21,21.0
SUB00890,11,10,11,10,21,21,21.0
SUB00712,12,9,12,9,21,21,21.0
SUB00669,10,11,10,11,21,21,21.0
SUB00697,13,8,13,8,21,21,21.0
SUB00995,10,11,10,11,21,21,21.0
SUB00671,9,12,9,12,21,21,21.0
SUB00130,13,8,13,8,21,21,21.0
SUB00854,10,11,10,11,21,21,21.0
SUB00683,12,9,12,9,21,21,21.0
SUB01428,8,13,8,13,21,21,21.0
SUB00100,11,10,11,10,21,21,21.0
SUB01494,7,14,7,14,21,21,21.0
SUB00071,11,10,11,10,21,21,21.0
SUB01450,16,5,16,5,21,21,21.0
SUB00006,9,12,9,12,21,21,21.0
SUB00040,13,8,13,8,21,21,21.0
SUB00206,13,8,12,8,21,20,20.6
SUB00408,11,10,11,9,21,20,20.6
SUB00706,11,10,10,10,21,20,20.6
SUB00193,11,10,10,10,21,20,20.6
SUB00050,15,6,14,6,21,20,20.6
SUB01356,10,11,9,10,21,19,20.2
SUB00873,12,8,12,8,20,20,20.0
SUB00693,10,10,10,10,20,20,20.0
SUB01435,7,13,7,13,20,20,20.0
SUB00677,9,11,9,11,20,20,20.0
SUB00108,10,10,10,10,20,20,20.0
SUB00191,11,9,11,9,20,20,20.0
SUB00563,11,9,11,9,20,20,20.0
SUB01329,7,13,7,13,20,20,20.0
SUB01308,8,12,8,12,20,20,20.0
SUB00734,7,13,7,13,20,20,20.0
SUB00282,12,8,12,8,20,20,20.0
SUB00769,13,7,13,7,20,20,20.0
SUB00767,8,12,8,12,20,20,20.0
SUB01259,12,8,12,8,20,20,20.0
SUB00513,7,13,7,13,20,20,20.0
SUB00182,8,12,8,12,20,20,20.0
SUB01414,12,8,12,8,20,20,20.0
SUB01422,11,9,11,9,20,20,20.0
SUB01478,14,6,14,6,20,20,20.0
SUB00145,7,13,7,13,20,20,20.0
SUB00659,10,10,10,10,20,20,20.0
SUB00748,12,8,12,8,20,20,20.0
SUB01248,9,11,9,11,20,20,20.0
SUB00795,9,11,9,11,20,20,20.0
SUB00398,12,8,12,8,20,20,20.0
SUB00429,15,5,15,5,20,20,20.0
SUB00494,15,5,15,5,20,20,20.0
SUB00322,7,13,7,13,20,20,20.0
SUB00297,9,11,9,11,20,20,20.0
SUB01298,9,11,9,11,20,20,20.0
SUB01164,5,15,5,15,20,20,20.0
SUB00267,11,9,11,9,20,20,20.0
SUB01323,9,11,9,11,20,20,20.0
SUB00005,8,12,8,12,20,20,20.0
SUB00971,8,12,8,12,20,20,20.0
SUB00060,9,11,9,11,20,20,20.0
SUB00037,9,11,9,11,20,20,20.0
SUB00400,8,12,8,12,20,20,20.0
SUB01074,7,13,7,13,20,20,20.0
SUB00577,11,9,11,9,20,20,20.0
SUB01140,8,12,8,12,20,20,20.0
SUB00611,9,11,9,11,20,20,20.0
SUB01338,12,8,12,8,20,20,20.0
SUB01011,8,12,8,12,20,20,20.0
SUB01006,10,10,10,10,20,20,20.0
SUB01396,11,9,11,9,20,20,20.0
SUB00199,11,9,11,9,20,20,20.0
SUB00545,7,13,7,13,20,20,20.0
SUB01069,11,9,11,8,20,19,19.6
SUB01445,9,10,9,10,19,19,19.0
SUB00857,6,13,6,13,19,19,19.0
SUB01109,10,9,10,9,19,19,19.0
SUB00065,11,8,11,8,19,19,19.0
SUB01415,9,10,9,10,19,19,19.0
SUB00587,9,10,9,10,19,19,19.0
SUB00185,11,8,11,8,19,19,19.0
SUB00622,10,9,10,9,19,19,19.0
SUB00184,14,5,14,5,19,19,19.0
SUB01149,10,9,10,9,19,19,19.0
SUB00572,7,12,7,12,19,19,19.0
SUB00544,11,8,11,8,19,19,19.0
SUB00120,6,13,6,13,19,19,19.0
SUB00144,12,7,12,7,19,19,19.0
SUB00906,12,7,12,7,19,19,19.0
SUB00164,8,11,8,11,19,19,19.0
SUB00135,9,10,9,10,19,19,19.0
SUB00645,8,11,8,11,19,19,19.0
SUB01387,11,8,11,8,19,19,19.0
SUB00091,9,10,9,10,19,19,19.0
SUB00003,10,9,10,9,19,19,19.0
SUB01315,9,10,9,10,19,19,19.0
SUB00241,7,12,7,12,19,19,19.0
SUB00507,7,12,7,12,19,19,19.0
SUB00326,10,9,10,9,19,19,19.0
SUB00299,11,8,11,8,19,19,19.0
SUB00490,12,7,12,7,19,19,19.0
SUB00760,8,11,8,11,19,19,19.0
SUB00061,14,5,14,5,19,19,19.0
SUB00279,12,7,12,7,19,19,19.0
SUB00729,7,12,7,12,19,19,19.0
SUB00745,6,13,6,13,19,19,19.0
SUB01175,7,12,7,12,19,19,19.0
SUB00054,8,11,8,11,19,19,19.0
SUB01214,9,10,9,10,19,19,19.0
SUB01230,9,10,9,10,19,19,19.0
SUB00284,12,7,11,7,19,18,18.6
SUB00409,7,12,7,11,19,18,18.6
SUB01362,12,7,11,7,19,18,18.6
SUB00411,8,10,8,10,18,18,18.0
SUB01028,8,10,8,10,18,18,18.0
SUB01484,11,7,11,7,18,18,18.0
SUB00933,8,10,8,10,18,18,18.0
SUB01218,10,8,10,8,18,18,18.0
SUB00448,8,10,8,10,18,18,18.0
SUB01336,11,7,11,7,18,18,18.0
SUB00222,10,8,10,8,18,18,18.0
SUB00648,7,11,7,11,18,18,18.0
SUB00417,10,8,10,8,18,18,18.0
SUB00386,12,6,12,6,18,18,18.0
SUB00772,11,7,11,7,18,18,18.0
SUB00251,11,7,11,7,18,18,18.0
SUB00370,9,9,9,9,18,18,18.0
SUB00048,8,10,8,10,18,18,18.0
SUB00081,7,11,7,11,18,18,18.0
SUB00127,8,10,8,10,18,18,18.0
SUB00070,8,10,8,10,18,18,18.0
SUB00682,9,9,9,9,18,18,18.0
SUB00725,14,4,14,4,18,18,18.0
SUB00885,8,10,8,10,18,18,18.0
SUB00696,9,9,9,9,18,18,18.0
SUB01371,6,12,6,12,18,18,18.0
SUB00150,7,11,7,11,18,18,18.0
SUB00170,10,8,10,8,18,18,18.0
SUB00609,9,9,9,9,18,18,18.0
SUB00218,11,7,11,7,18,18,18.0
SUB00153,6,12,6,12,18,18,18.0
SUB00045,10,7,10,7,17,17,17.0
SUB01124,8,9,8,9,17,17,17.0
SUB00440,12,5,12,5,17,17,17.0
SUB00789,10,7,10,7,17,17,17.0
SUB00817,9,8,9,8,17,17,17.0
SUB00935,8,9,8,9,17,17,17.0
SUB01481,7,10,7,10,17,17,17.0
SUB00808,4,13,4,13,17,17,17.0
SUB01222,11,6,11,6,17,17,17.0
SUB00346,6,11,6,11,17,17,17.0
SUB00510,8,9,8,9,17,17,17.0
SUB00337,7,10,7,10,17,17,17.0
SUB01035,4,13,4,13,17,17,17.0
SUB00860,9,8,9,8,17,17,17.0
SUB00124,9,8,9,8,17,17,17.0
SUB00094,2,15,2,15,17,17,17.0
SUB01163,6,11,6,11,17,17,17.0
SUB00866,12,5,12,5,17,17,17.0
SUB00015,11,6,11,6,17,17,17.0
SUB01454,4,13,4,13,17,17,17.0
SUB01497,8,9,8,9,17,17,17.0
SUB01368,11,6,11,6,17,17,17.0
SUB00102,7,10,7,10,17,17,17.0
SUB00539,5,11,5,11,16,16,16.0
SUB00641,11,5,11,5,16,16,16.0
SUB00880,7,9,7,9,16,16,16.0
SUB00424,7,9,7,9,16,16,16.0
SUB00469,5,11,5,11,16,16,16.0
SUB00951,10,6,10,6,16,16,16.0
SUB00927,9,7,9,7,16,16,16.0
SUB01146,9,7,9,7,16,16,16.0
SUB00437,7,9,7,9,16,16,16.0
SUB00190,8,8,8,8,16,16,16.0
SUB01201,8,8,8,8,16,16,16.0
SUB00953,7,9,7,8,16,15,15.6
SUB01088,5,10,5,10,15,15,15.0
SUB01408,8,7,8,7,15,15,15.0
SUB01065,7,8,7,8,15,15,15.0
SUB00782,9,6,9,6,15,15,15.0
SUB00418,7,8,7,8,15,15,15.0
SUB00020,7,8,7,8,15,15,15.0
SUB00252,4,10,4,10,14,14,14.0
SUB00591,9,5,9,5,14,14,14.0
SUB00002,7,7,7,7,14,14,14.0
SUB00636,3,11,3,11,14,14,14.0
SUB00352,6,7,6,7,13,13,13.0
SUB01331,7,6,7,6,13,13,13.0
SUB00470,9,4,9,4,13,13,13.0
SUB00631,9,4,9,4,13,13,13.0
SUB00829,3,9,3,9,12,12,12.0
