entity,degree_centrality,betweenness_centrality,pagerank,influence_score,degree_score,betweenness_score,pagerank_score,risk_score,risk_level
Suresh Roy,0.7778,0.3935,0.1974,0.48839,1.0,1.0,1.0,100.0,CRITICAL
Rahul Sharma,0.6667,0.3333,0.1733,0.4186599999999999,0.8571612239650295,0.8470139771283354,0.8779128672745695,85.93,CRITICAL
Amit Das,0.5556,0.1019,0.1381,0.29424,0.7143224479300591,0.25895806861499365,0.6995947315096251,52.78,HIGH
Arjun Singh,0.5556,0.088,0.1379,0.29001,0.7143224479300591,0.22363405336721726,0.6985815602836879,51.33,HIGH
Howrah Station,0.3333,0.0,0.0859,0.15909,0.42851632810491125,0.0,0.43515704154002033,25.91,LOW
Durgapur City,0.2222,0.0,0.0635,0.10793,0.28567755206994083,0.0,0.32168186423505574,18.22,LOW
Durgapur Railway,0.2222,0.0,0.063,0.10778,0.28567755206994083,0.0,0.3191489361702128,18.14,LOW
Park Street,0.2222,0.0,0.0624,0.1076,0.28567755206994083,0.0,0.3161094224924012,18.05,LOW
City Centre,0.1111,0.0,0.0395,0.05629,0.14283877603497042,0.0,0.20010131712259374,10.29,LOW
Asansol Market,0.1111,0.0,0.039,0.05614,0.14283877603497042,0.0,0.19756838905775076,10.21,LOW
