entity_a,entity_b,shared_complainant,fir_a,fir_b,shared_complainants,connection_type
Jeet Iyer,Samuel Luthra,Aachal Dora,FIR/2025/23735,FIR/2024/22022,1,SHARED_COMPLAINANT
Aadhya Saraf,Damini Bhargava,Aachal Tripathi,FIR/2025/14431,FIR/2023/06271,1,SHARED_COMPLAINANT
Ekanta Mody,Yuvraj Khurana,Aadhya Jani,FIR/2023/00697,FIR/2024/07672,1,SHARED_COMPLAINANT
Aadhya Peri,Harini Dara,Aadhya Kalla,FIR/2023/10481,FIR/2023/20327,1,SHARED_COMPLAINANT
Aditya Loyal,Ekani Nanda,Aadi Vala,FIR/2023/19040,FIR/2023/20671,1,SHARED_COMPLAINANT
Henry Dua,Samuel Devi,Aahana Wali,FIR/2024/28293,FIR/2024/17442,1,SHARED_COMPLAINANT
Mitali Pandya,Patrick Kothari,Aarav Jani,FIR/2025/21954,FIR/2023/16080,1,SHARED_COMPLAINANT
Anjali Shroff,Vamakshi Pai,Aarav Suri,FIR/2023/11332,FIR/2025/16592,1,SHARED_COMPLAINANT
Megha Chanda,Wishi Apte,Aarna Chopra,FIR/2025/24018,FIR/2023/11243,1,SHARED_COMPLAINANT
Faras Kannan,Gayathri Mital,Aarna Patla,FIR/2023/01769,FIR/2023/12181,1,SHARED_COMPLAINANT
Faras Kannan,Girish Bora,Aarna Patla,FIR/2023/01769,FIR/2024/15642,1,SHARED_COMPLAINANT
Gayathri Mital,Girish Bora,Aarna Patla,FIR/2023/12181,FIR/2024/15642,1,SHARED_COMPLAINANT
Pallavi Dani,Siddharth Chakrabarti,Aarnav Palan,FIR/2024/12109,FIR/2024/24801,1,SHARED_COMPLAINANT
Rajata Wason,Reva Keer,Aarush Dara,FIR/2025/10463,FIR/2023/12299,1,SHARED_COMPLAINANT
Vrishti Murty,Zaitra Dhingra,Aarush Narasimhan,FIR/2025/24043,FIR/2023/09857,1,SHARED_COMPLAINANT
Pratyush Kohli,Samar Saha,Aarush Nath,FIR/2024/13346,FIR/2023/00103,1,SHARED_COMPLAINANT
Bhavika Goel,Zaid Dara,Aayush Chander,FIR/2023/21083,FIR/2024/16183,1,SHARED_COMPLAINANT
Amruta Chawla,Chatura Wali,Aayush Rattan,FIR/2024/18394,FIR/2025/19992,1,SHARED_COMPLAINANT
Rayaan Ramakrishnan,Ubika Sood,Aayush Sule,FIR/2025/26367,FIR/2025/05831,1,SHARED_COMPLAINANT
Edhitha Badami,Fiyaz Bassi,Abdul Amble,FIR/2024/01374,FIR/2023/07520,1,SHARED_COMPLAINANT
Gaurang Pingle,Vidhi Vaidya,Abdul Bawa,FIR/2024/28307,FIR/2023/28915,1,SHARED_COMPLAINANT
Netra Bhandari,Vihaan Gour,Abeer Ganesh,FIR/2025/28907,FIR/2023/06990,1,SHARED_COMPLAINANT
Saumya Oak,Yatin Verma,Abeer Golla,FIR/2023/23059,FIR/2023/00388,1,SHARED_COMPLAINANT
Aahana Deo,Dalaja Dara,Abeer Krishnamurthy,FIR/2024/22663,FIR/2023/22443,1,SHARED_COMPLAINANT
Mitesh Pall,Wahab Kala,Abeer Patil,FIR/2025/19858,FIR/2024/02557,1,SHARED_COMPLAINANT
Devika Narang,Unni Thaman,Abeer Sant,FIR/2023/22263,FIR/2024/17072,1,SHARED_COMPLAINANT
Aarini Badal,Rachita Mand,Abha Pai,FIR/2023/18219,FIR/2023/24284,1,SHARED_COMPLAINANT
Dakshesh Hayre,Sneha Bhatia,Abha Ramaswamy,FIR/2023/04519,FIR/2024/28951,1,SHARED_COMPLAINANT
Kavya Badal,Sanaya Patil,Abha Reddy,FIR/2023/27102,FIR/2023/23929,1,SHARED_COMPLAINANT
Lakshit Bhatt,William Ganesan,Abha Shukla,FIR/2025/14392,FIR/2023/08687,1,SHARED_COMPLAINANT
Hredhaan Gupta,Vanya Golla,Abha Upadhyay,FIR/2023/17134,FIR/2024/15519,1,SHARED_COMPLAINANT
Dominic More,Libni Sandal,Abha Zacharia,FIR/2024/26394,FIR/2023/01322,1,SHARED_COMPLAINANT
Ayush Sathe,Urmi Nagarajan,Abhimanyu Dhar,FIR/2023/25233,FIR/2025/27877,1,SHARED_COMPLAINANT
Balendra Shroff,Nilima Varghese,Abhiram Ahluwalia,FIR/2025/24508,FIR/2023/29047,1,SHARED_COMPLAINANT
Tejas Brahmbhatt,Wahab Khalsa,Abhiram Arora,FIR/2023/01435,FIR/2023/06610,1,SHARED_COMPLAINANT
Finn Kashyap,Watika Chopra,Abhiram Badal,FIR/2023/29858,FIR/2024/17520,1,SHARED_COMPLAINANT
Harrison Morar,Yashasvi Ganesh,Advaith Choudhury,FIR/2023/04693,FIR/2024/29405,1,SHARED_COMPLAINANT
Hardik Peri,Hemal Mani,Advika Murthy,FIR/2023/05640,FIR/2025/01196,1,SHARED_COMPLAINANT
Hamsini Nagar,Radhika Mangat,Adweta Deol,FIR/2024/18248,FIR/2023/09772,1,SHARED_COMPLAINANT
Arjun Wali,Saksham Yadav,Adya Bail,FIR/2023/07335,FIR/2024/10721,1,SHARED_COMPLAINANT
Abdul Batta,Udarsh Sagar,Adya Bose,FIR/2025/00924,FIR/2023/01319,1,SHARED_COMPLAINANT
Devika Choudhury,Imaran Ray,Adya Khalsa,FIR/2024/29028,FIR/2024/01438,1,SHARED_COMPLAINANT
Hema Padmanabhan,Zashil Sanghvi,Adya Kota,FIR/2024/02952,FIR/2023/05984,1,SHARED_COMPLAINANT
Hemangini Mangal,Ikbal Ravi,Adya Kothari,FIR/2025/01416,FIR/2023/18457,1,SHARED_COMPLAINANT
Agastya Ramesh,Zaitra Patel,Agastya Palla,FIR/2025/16715,FIR/2023/12139,1,SHARED_COMPLAINANT
Dayamai Kadakia,Yatin Cheema,Aishani Gokhale,FIR/2023/08627,FIR/2023/19546,1,SHARED_COMPLAINANT
Ekiya Dhingra,Upma Lall,Aishani Pau,FIR/2024/07415,FIR/2025/00578,1,SHARED_COMPLAINANT
Teerth Saha,Yagnesh Hora,Aishani Sha,FIR/2025/09387,FIR/2024/27206,1,SHARED_COMPLAINANT
Azaan Gade,Yochana Sathe,Akshay Khatri,FIR/2025/29550,FIR/2023/20935,1,SHARED_COMPLAINANT
Bhavika Varghese,Widisha Mohan,Alexander Mutti,FIR/2023/14777,FIR/2024/06869,1,SHARED_COMPLAINANT
Odika Naik,Radhika Muni,Alka Kade,FIR/2024/00554,FIR/2023/28164,1,SHARED_COMPLAINANT
Sarthak Gour,Timothy Chandra,Alka Peri,FIR/2024/24317,FIR/2023/01581,1,SHARED_COMPLAINANT
Elijah Sawhney,Yashodhara Bhatti,Alka Sankar,FIR/2023/23720,FIR/2024/20372,1,SHARED_COMPLAINANT
Libni Sidhu,Manan Borra,Amaira Amble,FIR/2023/14653,FIR/2023/02772,1,SHARED_COMPLAINANT
Gaurika Dhar,Ucchal Mody,Amaira Apte,FIR/2023/17671,FIR/2024/17840,1,SHARED_COMPLAINANT
Maya Virk,Yadavi Bains,Amara Dara,FIR/2024/20127,FIR/2024/20669,1,SHARED_COMPLAINANT
Ati Murty,Naveen Baral,Amara Sawhney,FIR/2024/28402,FIR/2024/11421,1,SHARED_COMPLAINANT
Ikshita Acharya,Kiaan Chaudhary,Amol Bali,FIR/2023/09325,FIR/2025/07124,1,SHARED_COMPLAINANT
Ansh Suresh,Jeremiah Nair,Amrita Bansal,FIR/2025/21013,FIR/2023/08516,1,SHARED_COMPLAINANT
Bakhshi Koshy,Upma Biswas,Amruta Chaudhuri,FIR/2025/22095,FIR/2023/02466,1,SHARED_COMPLAINANT
Meera Dhaliwal,William Vasa,Anamika Goda,FIR/2023/13724,FIR/2024/15260,1,SHARED_COMPLAINANT
Gagan Chopra,Maya Konda,Anamika Sen,FIR/2024/13238,FIR/2024/06696,1,SHARED_COMPLAINANT
Brijesh Sharaf,Ishanvi Chauhan,Anay Bath,FIR/2024/19744,FIR/2024/20469,1,SHARED_COMPLAINANT
Balhaar Baral,Tara Sundaram,Anay Patil,FIR/2024/03064,FIR/2023/05502,1,SHARED_COMPLAINANT
Joshua Shan,Vamakshi Naidu,Anay Rattan,FIR/2025/16275,FIR/2023/26775,1,SHARED_COMPLAINANT
Ucchal Hayre,Udyati Sama,Anay Srivastava,FIR/2023/25357,FIR/2023/17574,1,SHARED_COMPLAINANT
Abhimanyu Hegde,Omkaar Banerjee,Anay Tak,FIR/2024/10711,FIR/2024/27766,1,SHARED_COMPLAINANT
Abha Mital,Sudiksha Gour,Andrew Reddy,FIR/2025/04880,FIR/2023/09598,1,SHARED_COMPLAINANT
Nachiket Parsa,Nimrat Bedi,Anirudh Arora,FIR/2023/13964,FIR/2024/29286,1,SHARED_COMPLAINANT
Bakhshi Ray,Gaurang Chandran,Anirudh Bhat,FIR/2024/26602,FIR/2025/17906,1,SHARED_COMPLAINANT
Aarna Raval,Bahadurjit Menon,Anirudh Dhar,FIR/2024/27487,FIR/2024/05867,1,SHARED_COMPLAINANT
Champak Munshi,Zarna Sheth,Anirudh Panchal,FIR/2023/27898,FIR/2025/17536,1,SHARED_COMPLAINANT
Charan Kohli,Frado Mital,Anita Mukherjee,FIR/2025/29594,FIR/2024/19285,1,SHARED_COMPLAINANT
Agastya Amble,Unni Narayanan,Anita Sarraf,FIR/2024/27706,FIR/2024/08898,1,SHARED_COMPLAINANT
Teerth Deshmukh,Warjas Puri,Anjali Dugar,FIR/2025/12628,FIR/2023/13352,1,SHARED_COMPLAINANT
Hemang Mody,Hiral Johal,Anjali Ganguly,FIR/2024/15970,FIR/2024/10772,1,SHARED_COMPLAINANT
Hemang Mody,Panini Dara,Anjali Ganguly,FIR/2024/15970,FIR/2023/16541,1,SHARED_COMPLAINANT
Hiral Johal,Panini Dara,Anjali Ganguly,FIR/2024/10772,FIR/2023/16541,1,SHARED_COMPLAINANT
Daksh Karnik,Hiral Singh,Anjali Raju,FIR/2024/28667,FIR/2025/23414,1,SHARED_COMPLAINANT
Diya Kala,Triveni Sani,Anmol Prabhakar,FIR/2024/14828,FIR/2023/28480,1,SHARED_COMPLAINANT
Ria Puri,Umang Patla,Anmol Ram,FIR/2023/13537,FIR/2024/09020,1,SHARED_COMPLAINANT
Aahana Sen,Balveer Seth,Ansh Doshi,FIR/2023/18464,FIR/2025/13858,1,SHARED_COMPLAINANT
Oliver Jayaraman,Oliver Sodhi,Ansh Raman,FIR/2025/08212,FIR/2023/12446,1,SHARED_COMPLAINANT
Patrick Chakraborty,Yagnesh Parekh,Ansh Tella,FIR/2023/05199,FIR/2024/13916,1,SHARED_COMPLAINANT
Anya Ranganathan,Osha Sahni,Anusha Bava,FIR/2025/10041,FIR/2024/19215,1,SHARED_COMPLAINANT
Aditya Konda,Nachiket Ganguly,Anusha Brar,FIR/2024/10382,FIR/2024/27613,1,SHARED_COMPLAINANT
Eshana Bhagat,Jagvi Walla,Anusha Panchal,FIR/2024/03759,FIR/2023/29257,1,SHARED_COMPLAINANT
Aditya Wali,Saanvi Saini,Anvi Banik,FIR/2023/03934,FIR/2024/16516,1,SHARED_COMPLAINANT
Jhalak Panchal,Nilima Desai,Anya Krishnamurthy,FIR/2023/04156,FIR/2024/11568,1,SHARED_COMPLAINANT
Chanakya Bains,Tanveer Subramaniam,Anya Minhas,FIR/2023/18187,FIR/2024/16130,1,SHARED_COMPLAINANT
Avi Raja,Vrinda Shetty,Anya Sama,FIR/2023/00774,FIR/2024/05757,1,SHARED_COMPLAINANT
Ijaya Toor,Zehaan Khare,Anya Wali,FIR/2025/09615,FIR/2024/21037,1,SHARED_COMPLAINANT
Banjeet Menon,Unni Shan,Arin Sodhi,FIR/2023/24280,FIR/2023/12535,1,SHARED_COMPLAINANT
Bahadurjit Panchal,Mahika Kannan,Arjun Misra,FIR/2024/25505,FIR/2025/15725,1,SHARED_COMPLAINANT
Rushil Chaudhary,Yashasvi Shere,Arjun Naidu,FIR/2025/09941,FIR/2024/24823,1,SHARED_COMPLAINANT
Ekaja Shankar,Gautami Memon,Arunima Srinivasan,FIR/2023/11818,FIR/2024/24297,1,SHARED_COMPLAINANT
Chavvi Dara,Jeet Minhas,Arya Lalla,FIR/2023/01257,FIR/2024/04670,1,SHARED_COMPLAINANT
Azad Subramanian,Sai Guha,Arya Minhas,FIR/2023/07352,FIR/2024/21385,1,SHARED_COMPLAINANT
Isha Khosla,Shravya Jhaveri,Arya Rout,FIR/2023/27266,FIR/2025/08496,1,SHARED_COMPLAINANT
Adya Sharma,Jagat Chahal,Arya Shere,FIR/2024/04752,FIR/2023/00069,1,SHARED_COMPLAINANT
Ridhi Kumar,Yug Naidu,Atharv Hans,FIR/2023/18363,FIR/2025/26840,1,SHARED_COMPLAINANT
Vasana Nigam,Yuvraj Tara,Atharv Kalita,FIR/2023/07706,FIR/2023/04168,1,SHARED_COMPLAINANT
Sanaya Pathak,Yauvani Madan,Atharv Mane,FIR/2024/02277,FIR/2025/04937,1,SHARED_COMPLAINANT
Bishakha Mannan,Falak Mandal,Atharv Nayar,FIR/2023/19379,FIR/2024/03508,1,SHARED_COMPLAINANT
Jai Lala,Udarsh Devi,Atharv Pal,FIR/2023/17321,FIR/2025/12286,1,SHARED_COMPLAINANT
Keya Bali,Naveen Wali,Atharv Sule,FIR/2023/29177,FIR/2024/27252,1,SHARED_COMPLAINANT
Dalaja Bawa,Yoshita Sengupta,Ati Bali,FIR/2023/10587,FIR/2024/00341,1,SHARED_COMPLAINANT
Chatresh Prasad,Harrison Desai,Ati Dara,FIR/2024/20673,FIR/2023/11364,1,SHARED_COMPLAINANT
Janaki Kade,Mekhala Chad,Ati Goda,FIR/2025/06052,FIR/2025/03007,1,SHARED_COMPLAINANT
Hiral Yogi,Warda Tandon,Ati Sood,FIR/2024/17764,FIR/2025/28623,1,SHARED_COMPLAINANT
Chanchal Murthy,Samarth Dhar,Ati Zachariah,FIR/2023/12962,FIR/2024/18246,1,SHARED_COMPLAINANT
Daksha Krishna,Theodore Basu,Avni Swamy,FIR/2024/21595,FIR/2023/01082,1,SHARED_COMPLAINANT
Balveer Chandra,Ekantika Thakkar,Ayaan Bali,FIR/2024/06226,FIR/2024/10536,1,SHARED_COMPLAINANT
Timothy Dutt,Zaitra Bhandari,Ayaan Batta,FIR/2025/16743,FIR/2025/04270,1,SHARED_COMPLAINANT
Amaira Kade,Upma Chatterjee,Ayaan Khatri,FIR/2023/08668,FIR/2023/03095,1,SHARED_COMPLAINANT
Reyansh Aggarwal,Zayyan Dutta,Ayush Chana,FIR/2025/02089,FIR/2025/22019,1,SHARED_COMPLAINANT
Anamika Khanna,Eshana Varghese,Ayush Minhas,FIR/2024/24210,FIR/2023/18754,1,SHARED_COMPLAINANT
Devansh Mitter,Ikbal Pai,Ayush Trivedi,FIR/2023/27734,FIR/2024/19321,1,SHARED_COMPLAINANT
Alexander Joshi,Wishi Varma,Ayushman Mukhopadhyay,FIR/2023/19158,FIR/2023/18761,1,SHARED_COMPLAINANT
Odika Solanki,Tanay Lalla,Azad Dalal,FIR/2023/03222,FIR/2025/05038,1,SHARED_COMPLAINANT
Megha Uppal,Onkar Rajagopal,Bachittar Rao,FIR/2024/06964,FIR/2023/15737,1,SHARED_COMPLAINANT
Anthony Deo,Michael Hegde,Bachittar Ray,FIR/2023/03918,FIR/2023/09100,1,SHARED_COMPLAINANT
Chakradhar Chakraborty,Kala Ganesh,Baghyawati Anand,FIR/2024/18648,FIR/2023/14686,1,SHARED_COMPLAINANT
Mohini Borah,Panini Lall,Bakhshi Pandya,FIR/2025/21486,FIR/2025/14176,1,SHARED_COMPLAINANT
Aadhya Warrior,Robert Shankar,Balendra Hans,FIR/2024/06634,FIR/2023/01891,1,SHARED_COMPLAINANT
Diya Deshpande,Forum Dara,Balendra Keer,FIR/2023/19682,FIR/2023/15657,1,SHARED_COMPLAINANT
Vasana Sule,Yatin Wali,Balendra Modi,FIR/2024/21886,FIR/2025/01824,1,SHARED_COMPLAINANT
Arya Baral,Max Madan,Balendra Shroff,FIR/2024/15975,FIR/2025/14062,1,SHARED_COMPLAINANT
Faras Virk,Janaki Prashad,Balhaar Mall,FIR/2023/09443,FIR/2023/12900,1,SHARED_COMPLAINANT
Gaurika Varty,Nitara Sathe,Balhaar Parmar,FIR/2025/22422,FIR/2025/06893,1,SHARED_COMPLAINANT
Bhavani Wagle,Veer Din,Balhaar Ranganathan,FIR/2024/00628,FIR/2023/22434,1,SHARED_COMPLAINANT
Forum Bhattacharyya,Wakeeta Badal,Baljiwan Garg,FIR/2024/28277,FIR/2025/14860,1,SHARED_COMPLAINANT
Kai Chauhan,Shravya Misra,Baljiwan Gera,FIR/2024/22675,FIR/2024/01076,1,SHARED_COMPLAINANT
Dakshesh Mukhopadhyay,Indali Sen,Baljiwan Gulati,FIR/2024/06583,FIR/2023/11002,1,SHARED_COMPLAINANT
Baljiwan Handa,Gautam Panchal,Balvan Keer,FIR/2023/20470,FIR/2024/10373,1,SHARED_COMPLAINANT
Fariq Baral,Rachit Kanda,Balveer Mannan,FIR/2024/01180,FIR/2023/04612,1,SHARED_COMPLAINANT
Bishakha Puri,Mugdha Mallick,Balveer Natarajan,FIR/2025/19217,FIR/2024/16430,1,SHARED_COMPLAINANT
Eiravati Dani,Hemangini Salvi,Balveer Ram,FIR/2023/03115,FIR/2023/01667,1,SHARED_COMPLAINANT
Leena Kala,Warda Barman,Balveer Ranganathan,FIR/2025/21500,FIR/2023/06417,1,SHARED_COMPLAINANT
Rachita Kuruvilla,Upadhriti Virk,Banjeet Balakrishnan,FIR/2024/12766,FIR/2025/08038,1,SHARED_COMPLAINANT
Aadi Ramanathan,Champak Bhatti,Banjeet Yogi,FIR/2023/17492,FIR/2023/23195,1,SHARED_COMPLAINANT
Pratyush Lad,Upma Thaker,Barkha Vasa,FIR/2024/18776,FIR/2024/23180,1,SHARED_COMPLAINANT
Isaac Arora,Onkar Mani,Benjamin Upadhyay,FIR/2023/06653,FIR/2024/08662,1,SHARED_COMPLAINANT
Brinda Mukherjee,Vansha Pau,Bhanumati Mandal,FIR/2024/07391,FIR/2024/18330,1,SHARED_COMPLAINANT
Chatura Sant,Vrinda Seshadri,Bhavani Sahni,FIR/2023/09290,FIR/2024/11909,1,SHARED_COMPLAINANT
Ayush Choudhury,Finn Kashyap,Bhavika Dhawan,FIR/2025/19493,FIR/2025/02452,1,SHARED_COMPLAINANT
Anirudh Mall,Oscar Kadakia,Bhavini Batra,FIR/2025/08459,FIR/2023/26767,1,SHARED_COMPLAINANT
Aayush Khare,Dalaja Rout,Bhavna Deep,FIR/2023/18516,FIR/2024/24515,1,SHARED_COMPLAINANT
Bhavna Shanker,Omaja Prabhu,Bina Barman,FIR/2025/12991,FIR/2024/25088,1,SHARED_COMPLAINANT
Avni Lal,Hardik Basu,Bishakha Dhar,FIR/2024/23393,FIR/2023/14116,1,SHARED_COMPLAINANT
Manbir Sura,Zayyan Trivedi,Brijesh Gade,FIR/2023/11701,FIR/2023/20227,1,SHARED_COMPLAINANT
Yatin More,Zansi Prasad,Brijesh Pandit,FIR/2023/04429,FIR/2025/00514,1,SHARED_COMPLAINANT
Kamya Narasimhan,Yashodhara Ramachandran,Brinda Buch,FIR/2024/21744,FIR/2023/19579,1,SHARED_COMPLAINANT
Dev Dey,Ojas Deol,Brinda Gulati,FIR/2023/14823,FIR/2023/09156,1,SHARED_COMPLAINANT
Aradhana Bhargava,Lila Chana,Brinda Mall,FIR/2023/12791,FIR/2025/13297,1,SHARED_COMPLAINANT
Ishani Borde,Wishi Ravel,Caleb Lanka,FIR/2023/15375,FIR/2023/18357,1,SHARED_COMPLAINANT
Aryan Wali,Yashica Batra,Chaitaly Grewal,FIR/2023/05327,FIR/2024/10763,1,SHARED_COMPLAINANT
Ayaan Nadig,Nikita Mishra,Chaitaly Suri,FIR/2023/01537,FIR/2024/25324,1,SHARED_COMPLAINANT
Chameli Badal,Pahal Sheth,Chaitanya Chakrabarti,FIR/2023/26653,FIR/2024/15173,1,SHARED_COMPLAINANT
Aadhya Dave,Saksham Kant,Chakradev Barad,FIR/2023/00335,FIR/2023/00587,1,SHARED_COMPLAINANT
Siddharth Subramaniam,Victor Nigam,Chakradhar Venkataraman,FIR/2023/02862,FIR/2023/05168,1,SHARED_COMPLAINANT
Avni Vora,Parth Parmar,Chakrika Char,FIR/2023/03626,FIR/2023/09596,1,SHARED_COMPLAINANT
Krish Saini,Meghana Sarin,Chakrika D’Alia,FIR/2024/10329,FIR/2025/18903,1,SHARED_COMPLAINANT
Anita Choudhury,Chaman Tandon,Chakrika Lad,FIR/2025/03772,FIR/2023/01119,1,SHARED_COMPLAINANT
Sneha Sekhon,Xavier Butala,Chaman Bhatt,FIR/2024/21848,FIR/2025/22001,1,SHARED_COMPLAINANT
Charvi Balan,Yagnesh Keer,Chaman Gole,FIR/2024/06319,FIR/2024/06342,1,SHARED_COMPLAINANT
Amara Gera,Hiral Chaudry,Chameli Sathe,FIR/2023/07817,FIR/2023/14130,1,SHARED_COMPLAINANT
Dakshesh Vyas,Vritti Krishnan,Chameli Sem,FIR/2023/06161,FIR/2023/18619,1,SHARED_COMPLAINANT
Jeet Salvi,Vasudha Karnik,Chameli Shenoy,FIR/2025/03377,FIR/2024/12662,1,SHARED_COMPLAINANT
Qadim Ahluwalia,Yash Kannan,Champak Bhavsar,FIR/2024/21053,FIR/2025/15356,1,SHARED_COMPLAINANT
Nitara Vala,Pavani Kaur,Champak Pall,FIR/2023/26796,FIR/2023/21206,1,SHARED_COMPLAINANT
Turvi Buch,Udarsh Bhasin,Champak Sami,FIR/2025/29753,FIR/2024/17561,1,SHARED_COMPLAINANT
Alka Kala,Qabil Ram,Champak Sodhi,FIR/2023/11161,FIR/2023/14490,1,SHARED_COMPLAINANT
Jason Naik,Kamala Dada,Chandani Devan,FIR/2024/07093,FIR/2024/00887,1,SHARED_COMPLAINANT
Nikita Maharaj,Udant Master,Chandani Patla,FIR/2023/02930,FIR/2023/15366,1,SHARED_COMPLAINANT
Oeshi Comar,Umang Sunder,Chandran Rattan,FIR/2023/04130,FIR/2024/02231,1,SHARED_COMPLAINANT
Harsh Comar,Watika Bakshi,Chandresh Kalita,FIR/2023/18365,FIR/2024/09291,1,SHARED_COMPLAINANT
Imaran Tailor,Radhika Bansal,Chandresh Varghese,FIR/2024/29964,FIR/2023/15825,1,SHARED_COMPLAINANT
Bhavini Vig,Dalaja Desai,Charan Sathe,FIR/2023/24067,FIR/2023/11019,1,SHARED_COMPLAINANT
Harsh Savant,Shivani Gera,Charita Bassi,FIR/2024/10904,FIR/2025/06691,1,SHARED_COMPLAINANT
Dhriti Yadav,Jeremiah Pandya,Charita Dhingra,FIR/2024/10992,FIR/2023/27689,1,SHARED_COMPLAINANT
Anusha Mital,Tanmayi Dhaliwal,Charita Kade,FIR/2025/14465,FIR/2025/29342,1,SHARED_COMPLAINANT
Manya Prabhakar,Zehaan Narayan,Charita Sundaram,FIR/2024/21146,FIR/2023/12710,1,SHARED_COMPLAINANT
Janaki Ramaswamy,Zansi Krishnan,Charles Dugal,FIR/2024/13038,FIR/2025/00394,1,SHARED_COMPLAINANT
Abdul Kumar,Dayita Banerjee,Charvi Dara,FIR/2024/02015,FIR/2023/00191,1,SHARED_COMPLAINANT
Abdul Kumar,Sai Soman,Charvi Dara,FIR/2024/02015,FIR/2025/07254,1,SHARED_COMPLAINANT
Abdul Kumar,Xavier Ben,Charvi Dara,FIR/2024/02015,FIR/2024/00482,1,SHARED_COMPLAINANT
Dayita Banerjee,Sai Soman,Charvi Dara,FIR/2023/00191,FIR/2025/07254,1,SHARED_COMPLAINANT
Dayita Banerjee,Xavier Ben,Charvi Dara,FIR/2023/00191,FIR/2024/00482,1,SHARED_COMPLAINANT
Sai Soman,Xavier Ben,Charvi Dara,FIR/2025/07254,FIR/2024/00482,1,SHARED_COMPLAINANT
Henry Mann,Simon Chowdhury,Charvi Sastry,FIR/2023/10640,FIR/2023/17911,1,SHARED_COMPLAINANT
Isaiah Sandhu,Warhi Ramanathan,Chasmum Nagy,FIR/2024/15744,FIR/2025/21804,1,SHARED_COMPLAINANT
Harish Tata,Netra Varughese,Chasmum Subramanian,FIR/2025/28351,FIR/2024/00556,1,SHARED_COMPLAINANT
Brijesh Mishra,Vasatika Pingle,Chatresh Chandran,FIR/2023/06734,FIR/2023/24231,1,SHARED_COMPLAINANT
Hitesh Mistry,Teerth Nath,Chatresh Kuruvilla,FIR/2025/14587,FIR/2025/28410,1,SHARED_COMPLAINANT
Aarav Dixit,Mekhala Kunda,Chatura Bhatnagar,FIR/2024/25488,FIR/2024/01984,1,SHARED_COMPLAINANT
Gauri Jhaveri,Manbir Rai,Chatura Char,FIR/2023/19544,FIR/2025/13709,1,SHARED_COMPLAINANT
Falak Puri,Lakshit Banik,Chatura Gill,FIR/2025/14790,FIR/2023/18905,1,SHARED_COMPLAINANT
Brijesh Kapadia,Om Narain,Chatura Goel,FIR/2023/05957,FIR/2025/05869,1,SHARED_COMPLAINANT
Arunima Swamy,Mitesh Narayan,Chatura Karpe,FIR/2024/05055,FIR/2024/02265,1,SHARED_COMPLAINANT
Jatin Uppal,Kiaan Dhingra,Chatura Modi,FIR/2024/02829,FIR/2024/18536,1,SHARED_COMPLAINANT
Jeremiah Rege,Urmi Murty,Chavvi Khurana,FIR/2024/20444,FIR/2023/00791,1,SHARED_COMPLAINANT
Shivansh Shukla,Yutika Seth,Chavvi Mall,FIR/2025/04442,FIR/2023/13331,1,SHARED_COMPLAINANT
Jack Lad,Varenya Deo,Chavvi Mani,FIR/2025/06455,FIR/2024/25781,1,SHARED_COMPLAINANT
Devika Sankaran,Nachiket Brar,Christopher Doctor,FIR/2023/15899,FIR/2024/14077,1,SHARED_COMPLAINANT
Om Vala,Yuvraj Sundaram,Christopher Mutti,FIR/2025/10972,FIR/2024/10030,1,SHARED_COMPLAINANT
Ganga Bail,Shivansh Shanker,Daksh Narain,FIR/2025/18552,FIR/2024/18241,1,SHARED_COMPLAINANT
Gauri Dara,Omisha Bajwa,Daksh Tata,FIR/2023/13715,FIR/2025/22582,1,SHARED_COMPLAINANT
Charan Bhavsar,Riya Talwar,Daksha Kulkarni,FIR/2025/08300,FIR/2024/16488,1,SHARED_COMPLAINANT
Shaurya Sangha,Vivaan Rama,Daksha Mangat,FIR/2024/23530,FIR/2024/00137,1,SHARED_COMPLAINANT
Gavin Thakkar,Sara Choudhary,Dakshesh Mitter,FIR/2023/09053,FIR/2024/12529,1,SHARED_COMPLAINANT
Kamala Char,Maanav Sibal,Dakshesh Parekh,FIR/2024/02779,FIR/2024/28717,1,SHARED_COMPLAINANT
Anusha Sarin,Ayushman Goswami,Dalaja Golla,FIR/2024/11412,FIR/2023/10109,1,SHARED_COMPLAINANT
Abeer Agate,Michael Shetty,Dalaja Saran,FIR/2024/22529,FIR/2025/19005,1,SHARED_COMPLAINANT
Krishna Deep,Sai Kuruvilla,Dalbir Venkatesh,FIR/2023/17156,FIR/2024/02384,1,SHARED_COMPLAINANT
Azad Uppal,Chatura Ratti,Damyanti Kalita,FIR/2023/10945,FIR/2023/28863,1,SHARED_COMPLAINANT
Azad Uppal,Yochana Chawla,Damyanti Kalita,FIR/2023/10945,FIR/2024/18543,1,SHARED_COMPLAINANT
Chatura Ratti,Yochana Chawla,Damyanti Kalita,FIR/2023/28863,FIR/2024/18543,1,SHARED_COMPLAINANT
Gabriel Nagy,Quincy Dalal,Damyanti Pathak,FIR/2023/23070,FIR/2024/23517,1,SHARED_COMPLAINANT
Ekaja Walia,Ishani Patla,Damyanti Reddy,FIR/2025/05109,FIR/2023/02454,1,SHARED_COMPLAINANT
Balendra Dada,Diya Keer,Daniel Nanda,FIR/2024/02455,FIR/2024/22979,1,SHARED_COMPLAINANT
Eta Mukherjee,Vidhi Bose,Daniel Wali,FIR/2023/13719,FIR/2023/06551,1,SHARED_COMPLAINANT
Jasmit Menon,Jeevika Kumar,Darika Dubey,FIR/2024/14721,FIR/2023/15554,1,SHARED_COMPLAINANT
Liam Sane,Nihal Palla,Darika Parikh,FIR/2023/24235,FIR/2023/13813,1,SHARED_COMPLAINANT
Gauri Yadav,Zaid Thaman,Darika Puri,FIR/2025/25378,FIR/2024/11219,1,SHARED_COMPLAINANT
Aishani Sama,Ranbir Chander,Darsh Kurian,FIR/2024/29451,FIR/2024/28489,1,SHARED_COMPLAINANT
Anjali Balasubramanian,Niharika Khanna,David Bassi,FIR/2025/16282,FIR/2025/21819,1,SHARED_COMPLAINANT
Qarin Varkey,Yashasvi Pandey,David Kara,FIR/2024/13525,FIR/2023/07293,1,SHARED_COMPLAINANT
Vrinda Shukla,Zayyan Devi,Dayamai Bhatnagar,FIR/2023/28506,FIR/2023/18884,1,SHARED_COMPLAINANT
Charan Jain,Nicholas Anand,Dayamai Biswas,FIR/2025/22352,FIR/2025/18071,1,SHARED_COMPLAINANT
Azaan Pradhan,Hredhaan Kala,Dayamai Sha,FIR/2024/27267,FIR/2024/20718,1,SHARED_COMPLAINANT
Ekalinga Walla,Vinaya Sastry,Dayamai Swamy,FIR/2025/06772,FIR/2024/26740,1,SHARED_COMPLAINANT
Daniel Seth,Harini Narain,Dayamai Varughese,FIR/2024/26399,FIR/2023/16065,1,SHARED_COMPLAINANT
Brijesh Hari,Yachana Kale,Dayita Deep,FIR/2023/02292,FIR/2023/25836,1,SHARED_COMPLAINANT
Aarav Narain,Zayan Verma,Dev Patla,FIR/2023/10404,FIR/2024/24140,1,SHARED_COMPLAINANT
Anmol Dass,Zaid Shetty,Dev Reddy,FIR/2024/25410,FIR/2024/14249,1,SHARED_COMPLAINANT
Ishanvi Hari,Pranav Tak,Devansh Barad,FIR/2023/18852,FIR/2023/29525,1,SHARED_COMPLAINANT
Januja Magar,Varsha Radhakrishnan,Devansh Basak,FIR/2023/21225,FIR/2023/20853,1,SHARED_COMPLAINANT
Ranbir Wadhwa,Yashasvi Gupta,Devika Balan,FIR/2025/22363,FIR/2024/29036,1,SHARED_COMPLAINANT
Gautami Shah,Zayyan Agarwal,Devika Ghose,FIR/2025/12915,FIR/2023/23396,1,SHARED_COMPLAINANT
Aarna Kara,Champak Madan,Devika Hans,FIR/2023/22896,FIR/2023/08037,1,SHARED_COMPLAINANT
Ekaja Narayanan,Mason Kata,Devika More,FIR/2024/22236,FIR/2023/15325,1,SHARED_COMPLAINANT
Janaki Golla,Zaitra Murthy,Dhriti Mukhopadhyay,FIR/2023/16353,FIR/2023/11255,1,SHARED_COMPLAINANT
Amrita Bora,Ronith Vohra,Dhruv Rana,FIR/2024/28315,FIR/2024/27077,1,SHARED_COMPLAINANT
Kashish Bhalla,Prisha Walia,Dipta Bhandari,FIR/2025/04819,FIR/2023/00080,1,SHARED_COMPLAINANT
Bahadurjit Bose,Janya Chaudry,Diya Zachariah,FIR/2024/23448,FIR/2025/21001,1,SHARED_COMPLAINANT
Chatresh Sodhi,Faqid Gara,Dominic Kumer,FIR/2024/25310,FIR/2024/26177,1,SHARED_COMPLAINANT
Banjeet Anand,Nitesh Garde,Dominic Mukhopadhyay,FIR/2025/21731,FIR/2025/01089,1,SHARED_COMPLAINANT
Urmi Choudhury,Veda Pant,Dominic Sule,FIR/2025/24162,FIR/2024/02464,1,SHARED_COMPLAINANT
Manya Grover,Widisha Nagy,Edhitha Grewal,FIR/2025/22508,FIR/2023/23652,1,SHARED_COMPLAINANT
Bimala Prashad,Gauri Wadhwa,Edhitha Mittal,FIR/2024/22915,FIR/2024/25111,1,SHARED_COMPLAINANT
Hitesh Borah,Jackson Mahal,Edhitha Wali,FIR/2023/03727,FIR/2025/28286,1,SHARED_COMPLAINANT
Dipta Vala,Shaurya Date,Ekaja Batta,FIR/2024/27182,FIR/2023/29471,1,SHARED_COMPLAINANT
Jagat Krishnan,Naveen Dhawan,Ekaja Jani,FIR/2025/00711,FIR/2024/12803,1,SHARED_COMPLAINANT
Faras Mane,Jagrati Rao,Ekaja Mukhopadhyay,FIR/2025/24155,FIR/2025/08567,1,SHARED_COMPLAINANT
Chasmum Prabhu,Jeevika Varma,Ekaja Panchal,FIR/2023/06596,FIR/2024/12447,1,SHARED_COMPLAINANT
Mohini Sachdev,Pavani Sha,Ekaja Reddy,FIR/2025/21866,FIR/2023/26158,1,SHARED_COMPLAINANT
Ekantika Naidu,Ubika Lad,Ekalinga Kothari,FIR/2023/17651,FIR/2023/20313,1,SHARED_COMPLAINANT
Aadhya Brahmbhatt,Jhalak Bahl,Ekalinga Muni,FIR/2023/21693,FIR/2023/22966,1,SHARED_COMPLAINANT
Ishanvi Golla,Neelima Srinivas,Ekalinga Ram,FIR/2023/05985,FIR/2025/05712,1,SHARED_COMPLAINANT
Irya Kala,Wridesh Walla,Ekani Choudhary,FIR/2024/05448,FIR/2025/13838,1,SHARED_COMPLAINANT
Om Narasimhan,Riya Rajagopal,Ekani Iyer,FIR/2024/00782,FIR/2023/01750,1,SHARED_COMPLAINANT
Ekantika Bedi,Tripti Chandra,Ekani Kala,FIR/2025/23616,FIR/2024/05175,1,SHARED_COMPLAINANT
Aadi Hari,Devansh Gupta,Ekani Kaul,FIR/2023/09266,FIR/2023/13209,1,SHARED_COMPLAINANT
Ekansh Dave,Nidhi Chandra,Ekani Lad,FIR/2025/23830,FIR/2025/05406,1,SHARED_COMPLAINANT
Netra Tata,Onveer Boase,Ekani Oommen,FIR/2025/28642,FIR/2025/24870,1,SHARED_COMPLAINANT
Anvi Khatri,Tejas Acharya,Ekansh Dhaliwal,FIR/2023/08974,FIR/2024/18503,1,SHARED_COMPLAINANT
Gabriel Narayan,Jason Barad,Ekansh Kalla,FIR/2023/24785,FIR/2025/23171,1,SHARED_COMPLAINANT
Amara Mital,Kala Chad,Ekansh Kapoor,FIR/2025/29146,FIR/2024/12196,1,SHARED_COMPLAINANT
Fiyaz Hora,Mohammed Ben,Ekanta Date,FIR/2024/14700,FIR/2023/09481,1,SHARED_COMPLAINANT
Darsh Anne,Lohit Iyer,Ekantika Bains,FIR/2025/21957,FIR/2024/07160,1,SHARED_COMPLAINANT
Devansh Gokhale,Isha Dayal,Ekantika Narayan,FIR/2024/07624,FIR/2023/24109,1,SHARED_COMPLAINANT
Bhavani Grover,Tanveer Srivastava,Ekaraj Chaudhuri,FIR/2023/28590,FIR/2024/25620,1,SHARED_COMPLAINANT
Saumya Nath,Wakeeta Ravel,Ekaraj Dhar,FIR/2025/21702,FIR/2023/16551,1,SHARED_COMPLAINANT
Fariq Johal,Siddharth Merchant,Ekaraj Prabhakar,FIR/2023/08153,FIR/2023/22406,1,SHARED_COMPLAINANT
Kamya Gade,Rachit Majumdar,Ekavir Wali,FIR/2023/29336,FIR/2024/28037,1,SHARED_COMPLAINANT
Bhanumati Trivedi,Isaac Lalla,Ekbal Bhasin,FIR/2024/19180,FIR/2023/00245,1,SHARED_COMPLAINANT
Kashish Kala,Osha Rege,Ekbal Kamdar,FIR/2023/19354,FIR/2025/22921,1,SHARED_COMPLAINANT
Neelima Prakash,Wriddhish Sathe,Ekiya Bhargava,FIR/2023/01009,FIR/2024/16878,1,SHARED_COMPLAINANT
Advik Sani,Chaaya Bhatia,Ekiya Narayanan,FIR/2025/14361,FIR/2024/25238,1,SHARED_COMPLAINANT
Ekantika Badami,Kavya Kunda,Ekta Chhabra,FIR/2024/05862,FIR/2024/07526,1,SHARED_COMPLAINANT
Parth Hayer,Widisha Bajwa,Elijah Mannan,FIR/2024/12262,FIR/2024/08267,1,SHARED_COMPLAINANT
Hamsini Dutt,Nachiket Chand,Eshana Chakraborty,FIR/2023/24507,FIR/2025/02435,1,SHARED_COMPLAINANT
Ladli Bali,Siddharth Morar,Eshana Lall,FIR/2024/16734,FIR/2023/16265,1,SHARED_COMPLAINANT
Krishna Ramakrishnan,Yashodhara Mallick,Eshana Sawhney,FIR/2023/23535,FIR/2025/02787,1,SHARED_COMPLAINANT
Pranit Kadakia,Wyatt Rajan,Eta Zacharia,FIR/2025/05486,FIR/2023/15391,1,SHARED_COMPLAINANT
Anya Sanghvi,Ekani Chopra,Falak Divan,FIR/2024/00967,FIR/2023/17814,1,SHARED_COMPLAINANT
Logan Pathak,Warda Ranganathan,Falak Dutta,FIR/2024/05290,FIR/2023/20466,1,SHARED_COMPLAINANT
Bimala Bhardwaj,Karan Sawhney,Falak Lad,FIR/2023/14663,FIR/2023/04019,1,SHARED_COMPLAINANT
Bimala Bhardwaj,Naveen Biswas,Falak Lad,FIR/2023/14663,FIR/2024/27822,1,SHARED_COMPLAINANT
Karan Sawhney,Naveen Biswas,Falak Lad,FIR/2023/04019,FIR/2024/27822,1,SHARED_COMPLAINANT
Anamika Kuruvilla,Hamsini Lad,Falak Memon,FIR/2025/05833,FIR/2023/18078,1,SHARED_COMPLAINANT
Mekhala Sampath,Tripti Gaba,Falan Pant,FIR/2023/13835,FIR/2024/11191,1,SHARED_COMPLAINANT
Janaki Raja,Samesh Tak,Falan Saraf,FIR/2024/15144,FIR/2025/20292,1,SHARED_COMPLAINANT
Ayaan Sethi,Isha Bal,Falguni Seth,FIR/2025/02626,FIR/2025/14377,1,SHARED_COMPLAINANT
Ayaan Sethi,Yutika Choudhary,Falguni Seth,FIR/2025/02626,FIR/2024/28143,1,SHARED_COMPLAINANT
Isha Bal,Yutika Choudhary,Falguni Seth,FIR/2025/14377,FIR/2024/28143,1,SHARED_COMPLAINANT
Ekansh Prashad,Jatin Dar,Faqid Barad,FIR/2024/09949,FIR/2023/22636,1,SHARED_COMPLAINANT
Ethan Shetty,Qabil Solanki,Faqid Dixit,FIR/2024/24182,FIR/2023/00106,1,SHARED_COMPLAINANT
Sneha Kapadia,Yashawini Chaudhary,Faqid Shanker,FIR/2025/25970,FIR/2023/15458,1,SHARED_COMPLAINANT
Siddharth Handa,Waida Sood,Farhan Datta,FIR/2023/15754,FIR/2024/03451,1,SHARED_COMPLAINANT
Hemang Agate,Sneha Edwin,Farhan Palla,FIR/2025/17250,FIR/2023/08731,1,SHARED_COMPLAINANT
Gautam Saha,Mitesh Krishnamurthy,Farhan Pillay,FIR/2024/09363,FIR/2024/04479,1,SHARED_COMPLAINANT
Eesha Dave,Ishita Nazareth,Farhan Raja,FIR/2024/03205,FIR/2024/00303,1,SHARED_COMPLAINANT
Aadhya Sarraf,Jeevika Kumer,Fariq Dhar,FIR/2023/12760,FIR/2023/17426,1,SHARED_COMPLAINANT
Chakrika Chaudhari,Chanchal Kant,Fariq Ganesh,FIR/2023/11672,FIR/2023/09742,1,SHARED_COMPLAINANT
Ojas Rajagopalan,Orinder Johal,Fariq Manne,FIR/2023/26897,FIR/2025/09347,1,SHARED_COMPLAINANT
Qadim Shenoy,Umang Gandhi,Faris Swaminathan,FIR/2023/21440,FIR/2024/28936,1,SHARED_COMPLAINANT
Guneet Bumb,Kashish Andra,Finn Dara,FIR/2024/17176,FIR/2023/13322,1,SHARED_COMPLAINANT
Qadim Aggarwal,Reyansh Wadhwa,Finn Devan,FIR/2024/23853,FIR/2023/06460,1,SHARED_COMPLAINANT
Andrew Chakraborty,Owen Muni,Finn Grewal,FIR/2023/04403,FIR/2023/10312,1,SHARED_COMPLAINANT
Azad Deshmukh,Lekha Singhal,Finn Kibe,FIR/2023/21514,FIR/2023/11066,1,SHARED_COMPLAINANT
Warjas Behl,Xavier Deol,Fitan Kala,FIR/2025/17394,FIR/2025/21891,1,SHARED_COMPLAINANT
Brinda Badami,Krisha Natarajan,Fiyaz Sachdev,FIR/2025/19127,FIR/2025/03130,1,SHARED_COMPLAINANT
Charita Iyengar,Faqid Jha,Forum Bhattacharyya,FIR/2025/29563,FIR/2023/25770,1,SHARED_COMPLAINANT
Dhriti Goel,Oviya Thaker,Forum Karpe,FIR/2023/10418,FIR/2025/19270,1,SHARED_COMPLAINANT
Guneet Dey,Vaishnavi Maharaj,Frado Lad,FIR/2023/00976,FIR/2024/28057,1,SHARED_COMPLAINANT
Aryan Toor,Leena Bera,Frederick Nadkarni,FIR/2025/20656,FIR/2025/06723,1,SHARED_COMPLAINANT
Harsh Mander,Imaran Agate,Frederick Nath,FIR/2023/09525,FIR/2023/14599,1,SHARED_COMPLAINANT
Damyanti Pillai,Ekapad Dass,Gabriel Nadkarni,FIR/2023/12970,FIR/2023/08356,1,SHARED_COMPLAINANT
Chakradhar Gopal,Nandini Desai,Gagan Lall,FIR/2023/04627,FIR/2025/10618,1,SHARED_COMPLAINANT
Saanvi Vaidya,Vritti Jha,Gagan Sule,FIR/2023/01708,FIR/2024/24537,1,SHARED_COMPLAINANT
Bhavna Chhabra,Yash Kumer,Garima Swamy,FIR/2024/21975,FIR/2023/26849,1,SHARED_COMPLAINANT
Chaitaly Nazareth,Raagini Bava,Gaurang Khurana,FIR/2023/13302,FIR/2023/28129,1,SHARED_COMPLAINANT
Hema Khalsa,Nitesh Kunda,Gaurangi Keer,FIR/2024/02249,FIR/2023/16795,1,SHARED_COMPLAINANT
Amruta Kale,Avni Kuruvilla,Gaurav Gupta,FIR/2025/11480,FIR/2024/21266,1,SHARED_COMPLAINANT
Sudiksha Dash,Tanay Nori,Gaurav Joshi,FIR/2024/19074,FIR/2023/15844,1,SHARED_COMPLAINANT
Arya Bumb,Qarin Andra,Gaurika Chandran,FIR/2025/19292,FIR/2023/27161,1,SHARED_COMPLAINANT
Abhimanyu Hans,Yug Kala,Gautam Sant,FIR/2025/12255,FIR/2023/25346,1,SHARED_COMPLAINANT
Janani Rau,Karan Yogi,Gautami Anand,FIR/2023/10970,FIR/2025/25528,1,SHARED_COMPLAINANT
Henry Thakkar,Kalpit Balasubramanian,Gautami Din,FIR/2025/10608,FIR/2023/19690,1,SHARED_COMPLAINANT
Fiyaz Lal,Leela Chandra,Gautami Ramanathan,FIR/2025/24401,FIR/2025/20525,1,SHARED_COMPLAINANT
Nathaniel Buch,Ranbir Soman,Gavin Aggarwal,FIR/2023/04404,FIR/2025/14017,1,SHARED_COMPLAINANT
Jai Dubey,Nidhi Bath,Gavin Krish,FIR/2024/29350,FIR/2023/09268,1,SHARED_COMPLAINANT
Rushil Buch,Upma Jain,Gayathri Bala,FIR/2023/17878,FIR/2024/11267,1,SHARED_COMPLAINANT
Hema Bhatia,Pranav Parmar,Gayathri Balakrishnan,FIR/2025/11946,FIR/2023/00202,1,SHARED_COMPLAINANT
Omkaar Tank,Wahab Viswanathan,Gayathri Dugar,FIR/2024/12701,FIR/2024/22827,1,SHARED_COMPLAINANT
Hemangini Mishra,Ronith Raja,Gayathri Dutta,FIR/2024/06237,FIR/2024/04827,1,SHARED_COMPLAINANT
Gautam Srivastava,Pavani Kapoor,Gayathri Kala,FIR/2023/29155,FIR/2024/28648,1,SHARED_COMPLAINANT
Lila Pau,Wishi Wagle,Gayathri Peri,FIR/2024/11159,FIR/2025/11315,1,SHARED_COMPLAINANT
Vanya Lata,Waida Keer,Gayathri Pillai,FIR/2024/25794,FIR/2024/14831,1,SHARED_COMPLAINANT
Anusha Grover,Baghyawati Bali,Gayathri Roy,FIR/2024/08905,FIR/2025/28210,1,SHARED_COMPLAINANT
Harini Dora,Saksham Sidhu,Geetika Kamdar,FIR/2025/28567,FIR/2023/14118,1,SHARED_COMPLAINANT
Bahadurjit Pal,Zaid Comar,Geetika Nagi,FIR/2024/09337,FIR/2024/11545,1,SHARED_COMPLAINANT
Ryan Goel,Widisha Sodhi,Geetika Patla,FIR/2024/29574,FIR/2023/29910,1,SHARED_COMPLAINANT
Arunima Suresh,Karan Sathe,George Barad,FIR/2025/11140,FIR/2024/07917,1,SHARED_COMPLAINANT
Nisha Sanghvi,Rehaan Toor,Girik Gill,FIR/2025/04059,FIR/2023/17644,1,SHARED_COMPLAINANT
Ekaraj Varughese,Shaurya Cheema,Girik Sengupta,FIR/2024/15112,FIR/2023/14138,1,SHARED_COMPLAINANT
Finn Sandal,Rajeshri Nagi,Girish Khare,FIR/2024/27005,FIR/2023/16029,1,SHARED_COMPLAINANT
Advika Patil,Mitali Choudhry,Gopal Jani,FIR/2023/03443,FIR/2025/14242,1,SHARED_COMPLAINANT
Anusha Bose,Raagini Samra,Gopal Verma,FIR/2023/04926,FIR/2023/28231,1,SHARED_COMPLAINANT
Ganga Dyal,Manya Maharaj,Gunbir Acharya,FIR/2023/21797,FIR/2023/16091,1,SHARED_COMPLAINANT
Abhiram Magar,Kamya Talwar,Gunbir Sinha,FIR/2025/01124,FIR/2023/22433,1,SHARED_COMPLAINANT
Harrison Karpe,Hemal Parekh,Guneet Johal,FIR/2023/08532,FIR/2025/11553,1,SHARED_COMPLAINANT
Chavvi Verma,Zinal Bail,Guneet Luthra,FIR/2023/14973,FIR/2023/15057,1,SHARED_COMPLAINANT
Baljiwan Sant,Pranit Sundaram,Guneet Maharaj,FIR/2025/08049,FIR/2025/27306,1,SHARED_COMPLAINANT
Jagdish Sandhu,Nirja Mane,Hamsini Sharaf,FIR/2025/22671,FIR/2025/17135,1,SHARED_COMPLAINANT
Ikbal Thaker,Ridhi Vasa,Hardik Johal,FIR/2025/15911,FIR/2023/00235,1,SHARED_COMPLAINANT
Jyoti Walla,Umang Kaul,Harinakshi Thakur,FIR/2025/22455,FIR/2025/26654,1,SHARED_COMPLAINANT
Indira Nigam,Ucchal Bhatnagar,Harinakshi Uppal,FIR/2023/11730,FIR/2023/10850,1,SHARED_COMPLAINANT
Ronith Dube,Waida Desai,Harinakshi Wali,FIR/2025/09916,FIR/2025/06145,1,SHARED_COMPLAINANT
Joshua Kar,Qushi More,Harini Chokshi,FIR/2025/12623,FIR/2024/09722,1,SHARED_COMPLAINANT
Bhavani Kadakia,Nandini Joshi,Harini Gole,FIR/2024/23868,FIR/2023/18105,1,SHARED_COMPLAINANT
Hamsini Prashad,Ronith Datta,Harish Gera,FIR/2024/24127,FIR/2023/07518,1,SHARED_COMPLAINANT
Rayaan Warrior,Vasudha Bal,Harish Pall,FIR/2024/12391,FIR/2025/18118,1,SHARED_COMPLAINANT
Azaan Shanker,Dakshesh Gupta,Harish Pandya,FIR/2024/06096,FIR/2025/16962,1,SHARED_COMPLAINANT
Mohammed Hans,Ryan Minhas,Harita Grover,FIR/2023/05618,FIR/2025/02315,1,SHARED_COMPLAINANT
Nitesh Lall,Utkarsh Peri,Harita Madan,FIR/2024/21642,FIR/2023/12116,1,SHARED_COMPLAINANT
Tanvi Sandhu,Yashvi Sridhar,Harita Randhawa,FIR/2023/01721,FIR/2023/25729,1,SHARED_COMPLAINANT
Kevin Bakshi,Nathaniel Agate,Harita Sarma,FIR/2023/09109,FIR/2024/12166,1,SHARED_COMPLAINANT
Amara Luthra,Sudiksha Rege,Harrison Ramaswamy,FIR/2023/07802,FIR/2023/20786,1,SHARED_COMPLAINANT
Jatin Raval,Qabil Gole,Harsh Balakrishnan,FIR/2024/24837,FIR/2025/26343,1,SHARED_COMPLAINANT
Banjeet Prashad,Yatan Cherian,Harsh Ramanathan,FIR/2024/15287,FIR/2024/14087,1,SHARED_COMPLAINANT
Fariq Sheth,Utkarsh Chaudry,Harshil Sankaran,FIR/2023/18787,FIR/2024/24310,1,SHARED_COMPLAINANT
Pahal Lata,Varenya Dyal,Hema Chada,FIR/2023/08987,FIR/2023/09397,1,SHARED_COMPLAINANT
Divya Badami,Maya Sami,Hema Golla,FIR/2024/15238,FIR/2025/06666,1,SHARED_COMPLAINANT
Ishanvi Agate,Mekhala Sibal,Hema Nagy,FIR/2024/23556,FIR/2024/04712,1,SHARED_COMPLAINANT
Oscar Parmer,Vihaan Mody,Hema Setty,FIR/2023/24675,FIR/2023/13851,1,SHARED_COMPLAINANT
Aashi Kunda,Tejas Dugar,Hemal Manda,FIR/2023/22589,FIR/2023/21425,1,SHARED_COMPLAINANT
Kashvi Vaidya,Meera Jain,Hemang Memon,FIR/2025/17762,FIR/2025/04192,1,SHARED_COMPLAINANT
Bina Divan,Peter Chada,Hemang Sanghvi,FIR/2023/28712,FIR/2024/17782,1,SHARED_COMPLAINANT
Idika Dara,Victor Kari,Hemang Sathe,FIR/2024/14654,FIR/2025/12271,1,SHARED_COMPLAINANT
Charan Anand,Reva Muni,Hemani Khosla,FIR/2023/00493,FIR/2023/04418,1,SHARED_COMPLAINANT
Andrew Rastogi,Wazir Badal,Hemani Konda,FIR/2023/25738,FIR/2023/08870,1,SHARED_COMPLAINANT
Ikshita Walla,Naveen Gola,Hemani Mani,FIR/2023/24501,FIR/2023/11991,1,SHARED_COMPLAINANT
Sarthak Taneja,Vrishti Bhakta,Hemani Sharma,FIR/2025/17039,FIR/2025/17249,1,SHARED_COMPLAINANT
Neelima Kanda,Nitesh Sule,Hemani Sood,FIR/2025/14966,FIR/2023/13247,1,SHARED_COMPLAINANT
Aarna Raval,Meera Kamdar,Henry Dasgupta,FIR/2023/02885,FIR/2023/22177,1,SHARED_COMPLAINANT
Isaac Kulkarni,Manya Gulati,Henry Mahal,FIR/2023/13843,FIR/2024/05733,1,SHARED_COMPLAINANT
Ekavir Ahuja,Rachita Baria,Hitesh Bath,FIR/2025/13718,FIR/2024/01219,1,SHARED_COMPLAINANT
Ati Bhavsar,Nitesh Shan,Hitesh Chaudhuri,FIR/2023/23759,FIR/2023/01073,1,SHARED_COMPLAINANT
Ayushman Pingle,Leela Rastogi,Hitesh Natt,FIR/2023/10538,FIR/2025/12320,1,SHARED_COMPLAINANT
Ikbal Kanda,Lila Dhawan,Hredhaan Karpe,FIR/2025/11116,FIR/2024/26817,1,SHARED_COMPLAINANT
Geetika Ghose,Jagvi Iyengar,Hritik Modi,FIR/2023/23718,FIR/2023/23985,1,SHARED_COMPLAINANT
Leela Krishnamurthy,Yatan Sidhu,Hritik Palla,FIR/2024/04249,FIR/2024/00383,1,SHARED_COMPLAINANT
Kashish Bora,Nakul Gaba,Idika Buch,FIR/2023/20206,FIR/2024/25254,1,SHARED_COMPLAINANT
Balhaar Banik,Karan Bala,Idika D’Alia,FIR/2024/06568,FIR/2023/28507,1,SHARED_COMPLAINANT
Darsh Bava,Umang Kaur,Idika Suresh,FIR/2024/03816,FIR/2023/15138,1,SHARED_COMPLAINANT
Charles Rana,Ladli Muni,Ijaya Chada,FIR/2023/27546,FIR/2023/21634,1,SHARED_COMPLAINANT
Ojas Parmar,Omaja Borde,Ijaya Gade,FIR/2023/13063,FIR/2024/13825,1,SHARED_COMPLAINANT
Advay Chauhan,Damyanti Padmanabhan,Ijaya Soni,FIR/2025/00808,FIR/2024/16671,1,SHARED_COMPLAINANT
Jackson Devan,Widisha Dora,Ikbal Agarwal,FIR/2023/12722,FIR/2023/10164,1,SHARED_COMPLAINANT
Rachita Comar,Yamini Sagar,Ikbal Kothari,FIR/2025/00796,FIR/2024/00066,1,SHARED_COMPLAINANT
Megha Chand,Upasna Kumer,Ikshita Patel,FIR/2023/03066,FIR/2023/25969,1,SHARED_COMPLAINANT
Henry Borra,Keya Chaudhuri,Ikshita Ram,FIR/2023/25796,FIR/2024/16311,1,SHARED_COMPLAINANT
Elijah Mukherjee,Ronith Mane,Imaran Prakash,FIR/2024/17465,FIR/2023/17822,1,SHARED_COMPLAINANT
Hredhaan Bobal,Tanmayi Ravi,Indali Garde,FIR/2023/25211,FIR/2024/13274,1,SHARED_COMPLAINANT
Anjali Memon,Yagnesh Sunder,Indali Kurian,FIR/2024/03339,FIR/2024/24216,1,SHARED_COMPLAINANT
Aachal Tara,Anita Virk,Indali Magar,FIR/2025/23911,FIR/2023/18748,1,SHARED_COMPLAINANT
Anirudh Dewan,Yash Tata,Indira Handa,FIR/2025/13733,FIR/2024/22108,1,SHARED_COMPLAINANT
Dakshesh Sridhar,Ekansh Baral,Indira Saini,FIR/2023/23284,FIR/2024/06388,1,SHARED_COMPLAINANT
Girik Narang,Warhi Kohli,Indrajit Devi,FIR/2023/20880,FIR/2023/21902,1,SHARED_COMPLAINANT
Brinda Roy,Pooja Kala,Indrajit Mani,FIR/2024/00481,FIR/2024/04985,1,SHARED_COMPLAINANT
Hredhaan Narang,Zaid Divan,Ira Kaur,FIR/2023/19275,FIR/2024/21055,1,SHARED_COMPLAINANT
Jason Halder,Lakshmi Tata,Ira Sheth,FIR/2023/16431,FIR/2023/19034,1,SHARED_COMPLAINANT
Anmol Parikh,Maanas Behl,Irya Dasgupta,FIR/2024/21904,FIR/2024/29881,1,SHARED_COMPLAINANT
Ojas Kaul,Vanya Ahluwalia,Irya Ray,FIR/2023/24583,FIR/2023/00111,1,SHARED_COMPLAINANT
Odika Chatterjee,Omaja Raghavan,Isaiah Khosla,FIR/2023/29512,FIR/2023/00900,1,SHARED_COMPLAINANT
Janani Chatterjee,Vedant Tandon,Ishaan Bala,FIR/2023/11829,FIR/2024/11244,1,SHARED_COMPLAINANT
Chasmum Saraf,Yahvi Babu,Ishaan Kannan,FIR/2023/18696,FIR/2024/27859,1,SHARED_COMPLAINANT
Bhavna Nazareth,Viraj Sathe,Ishaan Sehgal,FIR/2024/14145,FIR/2025/05562,1,SHARED_COMPLAINANT
Dalaja Som,Jasmit Nori,Ishani Kade,FIR/2023/16918,FIR/2025/29536,1,SHARED_COMPLAINANT
Ishita Mand,Varenya Anne,Ishani Nayar,FIR/2023/10731,FIR/2024/10331,1,SHARED_COMPLAINANT
Advaith Tak,Neha Krish,Ishanvi Bose,FIR/2023/04205,FIR/2025/03042,1,SHARED_COMPLAINANT
Aayush Madan,Wakeeta Sarna,Ishanvi Chand,FIR/2024/22182,FIR/2024/17049,1,SHARED_COMPLAINANT
Xiti Mutti,Zinal Sekhon,Ishanvi Mohanty,FIR/2023/10224,FIR/2023/11873,1,SHARED_COMPLAINANT
Michael Sridhar,Neha Karan,Ishanvi Palan,FIR/2024/29789,FIR/2025/14782,1,SHARED_COMPLAINANT
Oliver Singhal,Tristan Sanghvi,Ishanvi Soni,FIR/2024/11544,FIR/2023/11337,1,SHARED_COMPLAINANT
Nimrat Pall,Viraj Arora,Ishita Bora,FIR/2024/22501,FIR/2025/01262,1,SHARED_COMPLAINANT
Ethan Koshy,Mitesh Seth,Ishita Johal,FIR/2023/00963,FIR/2025/25607,1,SHARED_COMPLAINANT
Samuel Gokhale,Triya Nath,Ishita Sarma,FIR/2025/01184,FIR/2025/19916,1,SHARED_COMPLAINANT
Krishna Mander,Zayyan Yohannan,Ishwar Aurora,FIR/2023/01754,FIR/2024/23638,1,SHARED_COMPLAINANT
Aadhya Thakkar,Bishakha Tata,Ishwar Cheema,FIR/2023/15037,FIR/2023/20035,1,SHARED_COMPLAINANT
Caleb Balan,Sanya Chahal,Ishwar Mallick,FIR/2025/00384,FIR/2024/03143,1,SHARED_COMPLAINANT
Janya Bahri,Vanya Gopal,Ishwar Varma,FIR/2025/05279,FIR/2025/16489,1,SHARED_COMPLAINANT
Diya Nayar,Lucky Contractor,Jack Setty,FIR/2024/00916,FIR/2023/09059,1,SHARED_COMPLAINANT
Meera Shankar,Pushti Ratta,Jackson Chanda,FIR/2025/02749,FIR/2023/23409,1,SHARED_COMPLAINANT
Chaaya Sarraf,Dakshesh Pall,Jackson Chander,FIR/2023/17993,FIR/2025/22779,1,SHARED_COMPLAINANT
Ekaraj Butala,Yatin Bhandari,Jackson Sathe,FIR/2025/22613,FIR/2024/19236,1,SHARED_COMPLAINANT
Charles De,Gagan Kumar,Jacob Chanda,FIR/2024/17316,FIR/2025/23424,1,SHARED_COMPLAINANT
Samarth Sibal,Vinaya Warrior,Jacob Dara,FIR/2025/14032,FIR/2024/24658,1,SHARED_COMPLAINANT
Irya Chander,Yahvi Guha,Jacob Deep,FIR/2023/27740,FIR/2025/01687,1,SHARED_COMPLAINANT
Ekantika Deol,Zehaan Viswanathan,Jacob Sharma,FIR/2024/05792,FIR/2024/13149,1,SHARED_COMPLAINANT
Advay Lal,Triya Batra,Jagat Butala,FIR/2024/05375,FIR/2024/29311,1,SHARED_COMPLAINANT
Nikita Nadig,Ojas Brar,Jagdish Sawhney,FIR/2024/27407,FIR/2023/26249,1,SHARED_COMPLAINANT
Yatin Ghosh,Zayyan Naidu,Jagdish Shukla,FIR/2024/12897,FIR/2025/15580,1,SHARED_COMPLAINANT
Agastya Oak,Ekansh Mitra,Jagrati Sha,FIR/2023/05787,FIR/2025/10384,1,SHARED_COMPLAINANT
Chakradev Dhar,Mugdha Sachar,Jagvi Puri,FIR/2024/21803,FIR/2025/14010,1,SHARED_COMPLAINANT
Falan Pall,Zilmil Majumdar,Jai Mahal,FIR/2023/07693,FIR/2023/01911,1,SHARED_COMPLAINANT
Laban Mutti,Max Sathe,Jai Merchant,FIR/2024/13041,FIR/2023/04119,1,SHARED_COMPLAINANT
Adya Tata,Indali Sant,Jalsa Dhawan,FIR/2024/06664,FIR/2023/16728,1,SHARED_COMPLAINANT
Bhavani Kalla,Pooja Goda,Jalsa Tripathi,FIR/2025/21324,FIR/2025/11961,1,SHARED_COMPLAINANT
Krish Nath,Varenya Rau,Janaki Bhatti,FIR/2024/04424,FIR/2023/05725,1,SHARED_COMPLAINANT
Farhan Rai,Yash Ramaswamy,Janaki Chaudhary,FIR/2024/21541,FIR/2024/13627,1,SHARED_COMPLAINANT
Chanakya Aggarwal,Naveen Nadig,Janaki Srivastava,FIR/2023/02053,FIR/2024/29163,1,SHARED_COMPLAINANT
Chaitanya Andra,Chameli Dash,Janani Bansal,FIR/2024/02496,FIR/2025/18047,1,SHARED_COMPLAINANT
Nitesh Borah,Waida Sehgal,Januja Bassi,FIR/2023/21663,FIR/2024/18558,1,SHARED_COMPLAINANT
Lipika Dara,Rachita Borde,Januja Patil,FIR/2023/12539,FIR/2023/11797,1,SHARED_COMPLAINANT
Karan Dayal,Wridesh Arora,Jasmit Bala,FIR/2025/05884,FIR/2025/21380,1,SHARED_COMPLAINANT
Yash Naik,Yashasvi Kumar,Jasmit Gara,FIR/2023/26350,FIR/2023/27619,1,SHARED_COMPLAINANT
Kritika Anne,Ronith Karpe,Jason Bumb,FIR/2024/18151,FIR/2025/10311,1,SHARED_COMPLAINANT
Ishwar Naik,Lila Saraf,Jason Murthy,FIR/2025/11446,FIR/2024/10317,1,SHARED_COMPLAINANT
Chameli Subramaniam,Mitesh Pandit,Jeremiah Anand,FIR/2023/11462,FIR/2024/08159,1,SHARED_COMPLAINANT
Chakradhar Ramachandran,Jonathan Sidhu,Jeremiah Rao,FIR/2025/12068,FIR/2024/27563,1,SHARED_COMPLAINANT
Chaitaly Char,Maanav Prakash,Jeremiah Sani,FIR/2023/06973,FIR/2025/03475,1,SHARED_COMPLAINANT
Hema Baral,Nicholas Sheth,Jeremiah Sant,FIR/2024/14531,FIR/2024/23248,1,SHARED_COMPLAINANT
Kiaan Din,Prisha Arya,Jeremiah Shere,FIR/2023/09918,FIR/2023/15531,1,SHARED_COMPLAINANT
Varsha Grover,Vivaan Guha,Jhalak Keer,FIR/2023/27807,FIR/2023/11094,1,SHARED_COMPLAINANT
Jagrati Luthra,Quincy Minhas,Jhalak Palla,FIR/2024/15341,FIR/2024/06175,1,SHARED_COMPLAINANT
Nakul Chacko,Om Cherian,Jhalak Wason,FIR/2024/20161,FIR/2023/24352,1,SHARED_COMPLAINANT
Samarth Pathak,Thomas Nori,Jonathan Kalla,FIR/2025/20007,FIR/2024/10708,1,SHARED_COMPLAINANT
Amrita Pandya,Ganga Tara,Jonathan Kapadia,FIR/2025/16133,FIR/2024/29173,1,SHARED_COMPLAINANT
Hema Patel,Pranit Sampath,Jonathan Loyal,FIR/2023/03230,FIR/2024/27614,1,SHARED_COMPLAINANT
Hardik Chatterjee,Nirja Aggarwal,Jonathan Viswanathan,FIR/2023/08857,FIR/2023/18597,1,SHARED_COMPLAINANT
Gaurang Oza,Ojasvi Nath,Jyoti Chaudhuri,FIR/2024/19734,FIR/2023/26078,1,SHARED_COMPLAINANT
Hardik Chad,Riya Golla,Jyoti Lanka,FIR/2023/03049,FIR/2025/05695,1,SHARED_COMPLAINANT
Bimala Bhakta,Riya Magar,Jyoti Raval,FIR/2025/08702,FIR/2023/12396,1,SHARED_COMPLAINANT
Amruta Munshi,Lavanya Warrior,Kabir Cheema,FIR/2023/15012,FIR/2025/27983,1,SHARED_COMPLAINANT
Aarush Dutta,Chatura Thakur,Kabir Vasa,FIR/2023/16463,FIR/2023/26908,1,SHARED_COMPLAINANT
Banjeet Keer,Watika Comar,Kala Bhattacharyya,FIR/2023/18939,FIR/2025/16716,1,SHARED_COMPLAINANT
Harish Wadhwa,Vrishti Rai,Kala Sarna,FIR/2024/19425,FIR/2023/12888,1,SHARED_COMPLAINANT
Ekansh Padmanabhan,Tanvi Balan,Kalpit Anne,FIR/2025/04385,FIR/2023/24965,1,SHARED_COMPLAINANT
Darsh Ghosh,Jalsa Setty,Kalpit Setty,FIR/2025/14049,FIR/2025/03206,1,SHARED_COMPLAINANT
Harrison Walia,Ishita Soni,Kalpit Tripathi,FIR/2025/18352,FIR/2023/18866,1,SHARED_COMPLAINANT
Harrison Walia,Ridhi Din,Kalpit Tripathi,FIR/2025/18352,FIR/2023/09638,1,SHARED_COMPLAINANT
Ishita Soni,Ridhi Din,Kalpit Tripathi,FIR/2023/18866,FIR/2023/09638,1,SHARED_COMPLAINANT
Nitara Vora,Sarthak Bobal,Kamala Varma,FIR/2025/20963,FIR/2023/00563,1,SHARED_COMPLAINANT
Omisha Singhal,Vansha Bedi,Kamya Borah,FIR/2023/26670,FIR/2024/19923,1,SHARED_COMPLAINANT
Bishakha Natt,Xalak Munshi,Kamya Date,FIR/2025/00921,FIR/2023/25601,1,SHARED_COMPLAINANT
Peter Brar,Ria Ahluwalia,Kamya Doctor,FIR/2023/19855,FIR/2023/17123,1,SHARED_COMPLAINANT
Leela Bali,Pushti Doctor,Kamya Samra,FIR/2023/26896,FIR/2025/03092,1,SHARED_COMPLAINANT
Chakradev Singh,Fitan Bhatti,Karan Bassi,FIR/2023/06442,FIR/2023/11559,1,SHARED_COMPLAINANT
Jasmit Gole,Pranit Lata,Karan Dubey,FIR/2023/22295,FIR/2023/18221,1,SHARED_COMPLAINANT
Avni Buch,Harsh Ramanathan,Karan Lal,FIR/2024/12007,FIR/2023/21355,1,SHARED_COMPLAINANT
Aarini Garg,Isha Thakur,Kashish Purohit,FIR/2025/07759,FIR/2025/03784,1,SHARED_COMPLAINANT
Nathan Tripathi,Vamakshi Peri,Kashish Saraf,FIR/2023/17328,FIR/2023/07253,1,SHARED_COMPLAINANT
Aahana Cherian,Yashodhara Dua,Kashvi Sachdeva,FIR/2023/19121,FIR/2023/13844,1,SHARED_COMPLAINANT
Akshay Bassi,Priya Parsa,Kashvi Upadhyay,FIR/2023/26184,FIR/2023/27135,1,SHARED_COMPLAINANT
Omya Goel,Urvashi Padmanabhan,Kavya Dhillon,FIR/2024/04103,FIR/2023/17917,1,SHARED_COMPLAINANT
Faraj Bhattacharyya,Osha Subramaniam,Kavya Mahajan,FIR/2024/08664,FIR/2024/16682,1,SHARED_COMPLAINANT
Aditya Purohit,Jason Gandhi,Kavya Sampath,FIR/2023/08357,FIR/2024/20223,1,SHARED_COMPLAINANT
Shivani Dugar,Udyati Nagi,Kevin Bobal,FIR/2024/05979,FIR/2025/20349,1,SHARED_COMPLAINANT
Guneet Saxena,Tanvi Parsa,Kiaan Dave,FIR/2024/20668,FIR/2024/20070,1,SHARED_COMPLAINANT
Harish Raman,Irya Guha,Krish Krish,FIR/2024/27325,FIR/2023/29777,1,SHARED_COMPLAINANT
Frederick Memon,Gaurika Chatterjee,Krish Lalla,FIR/2024/00097,FIR/2025/12582,1,SHARED_COMPLAINANT
Neel Barad,Yashvi Baral,Krish Thaker,FIR/2024/17580,FIR/2023/11467,1,SHARED_COMPLAINANT
Vinaya Mander,Yashica Vyas,Krisha Dugar,FIR/2024/21042,FIR/2024/01915,1,SHARED_COMPLAINANT
Shivansh Salvi,Thomas Tata,Krishna Choudhary,FIR/2023/20214,FIR/2024/12211,1,SHARED_COMPLAINANT
Indira Rastogi,Upasna Sachar,Krishna Dubey,FIR/2025/12451,FIR/2023/07249,1,SHARED_COMPLAINANT
Manbir Bedi,Vanya Apte,Krishna Goyal,FIR/2024/24943,FIR/2024/15060,1,SHARED_COMPLAINANT
Nachiket Mannan,Samarth Pal,Krishna Modi,FIR/2025/29383,FIR/2024/00778,1,SHARED_COMPLAINANT
Chanchal De,Harish Manda,Krishna Raghavan,FIR/2025/23037,FIR/2023/19838,1,SHARED_COMPLAINANT
Benjamin Bansal,Ekalinga Bhasin,Krishna Ramaswamy,FIR/2025/01674,FIR/2023/23539,1,SHARED_COMPLAINANT
Lohit Dugal,Vedika Sheth,Kritika Gupta,FIR/2023/17475,FIR/2025/12591,1,SHARED_COMPLAINANT
Azaan Gill,Keya Solanki,Laban Kala,FIR/2023/21574,FIR/2024/09856,1,SHARED_COMPLAINANT
Ira Gupta,Luke Mukhopadhyay,Laban Kothari,FIR/2023/16309,FIR/2023/19156,1,SHARED_COMPLAINANT
Dakshesh Mangat,Onveer Dugar,Laban Mahajan,FIR/2023/24078,FIR/2023/29864,1,SHARED_COMPLAINANT
Ikshita Reddy,Yachana Rai,Laban Mallick,FIR/2023/12303,FIR/2025/05812,1,SHARED_COMPLAINANT
Ekalinga Prabhu,Lavanya Prakash,Ladli Ramakrishnan,FIR/2023/11453,FIR/2024/01843,1,SHARED_COMPLAINANT
Ekbal Bhargava,Shivani Sinha,Lajita Chatterjee,FIR/2023/00011,FIR/2024/02145,1,SHARED_COMPLAINANT
Dhriti Amble,Madhavi Mahajan,Lajita Dube,FIR/2025/16322,FIR/2025/00759,1,SHARED_COMPLAINANT
Chasmum Mani,Wahab Muni,Lajita Srinivas,FIR/2024/11475,FIR/2023/09301,1,SHARED_COMPLAINANT
Frado Sem,Wakeeta Madan,Lakshit Bhavsar,FIR/2024/03449,FIR/2023/26134,1,SHARED_COMPLAINANT
Elijah Brar,Vasatika Raj,Lakshit Vohra,FIR/2023/23022,FIR/2025/22602,1,SHARED_COMPLAINANT
Nakul Yogi,Zayan Dhawan,Lakshmi Natt,FIR/2023/13445,FIR/2025/07702,1,SHARED_COMPLAINANT
Bimala Yohannan,Liam Iyer,Lavanya Kurian,FIR/2024/03009,FIR/2023/02450,1,SHARED_COMPLAINANT
Falak Mandal,Mekhala Mann,Lavanya Madan,FIR/2024/23879,FIR/2024/25686,1,SHARED_COMPLAINANT
Oliver Garde,Yug Chada,Leela Bhagat,FIR/2024/01761,FIR/2024/13033,1,SHARED_COMPLAINANT
Jeremiah Dugar,Rachana Srinivasan,Leela Sha,FIR/2023/27412,FIR/2024/16152,1,SHARED_COMPLAINANT
Champak Dash,Ikbal Yadav,Leena Chada,FIR/2024/29389,FIR/2023/14196,1,SHARED_COMPLAINANT
Arin Oza,Udyati Dani,Leena Dey,FIR/2025/00749,FIR/2025/22757,1,SHARED_COMPLAINANT
Adya Nath,Ucchal Sule,Lekha Bobal,FIR/2023/17098,FIR/2024/03919,1,SHARED_COMPLAINANT
Chandani Sahni,Raghav Lata,Liam Chaudhry,FIR/2023/07030,FIR/2025/19509,1,SHARED_COMPLAINANT
Hitesh Dugar,Mason Ray,Liam Dixit,FIR/2024/25039,FIR/2025/13150,1,SHARED_COMPLAINANT
Bhavani Bhattacharyya,Tanvi Warrior,Liam Koshy,FIR/2024/00029,FIR/2023/12147,1,SHARED_COMPLAINANT
Abeer Reddy,Meghana Krish,Libni Sant,FIR/2024/28450,FIR/2023/04777,1,SHARED_COMPLAINANT
Amruta Krishna,Chatura Tiwari,Lila Bir,FIR/2024/18284,FIR/2025/15222,1,SHARED_COMPLAINANT
Bhavika Bail,Meghana Sami,Lila Reddy,FIR/2025/07358,FIR/2024/04228,1,SHARED_COMPLAINANT
Barkha Nagar,Gaurangi Rao,Lipika Goel,FIR/2024/06336,FIR/2024/22318,1,SHARED_COMPLAINANT
Chandresh Palla,Wazir Mallick,Lipika Mani,FIR/2025/09428,FIR/2024/14095,1,SHARED_COMPLAINANT
Ishani Sur,Kashvi Nadkarni,Logan Sibal,FIR/2024/20591,FIR/2023/21033,1,SHARED_COMPLAINANT
Barkha Chandran,Sudiksha Kari,Lohit Gala,FIR/2023/27285,FIR/2024/16883,1,SHARED_COMPLAINANT
Banjeet Goswami,Tristan Aurora,Lohit Mallick,FIR/2023/25865,FIR/2024/08168,1,SHARED_COMPLAINANT
Nilima Rege,Vasudha Minhas,Lohit Walia,FIR/2023/20992,FIR/2024/11690,1,SHARED_COMPLAINANT
Harita Handa,Oscar Korpal,Lopa Bala,FIR/2025/06144,FIR/2024/20193,1,SHARED_COMPLAINANT
Amol Banerjee,Zaitra Pathak,Lopa Padmanabhan,FIR/2024/11400,FIR/2023/19784,1,SHARED_COMPLAINANT
Bina Dalal,Nitara Reddy,Lucky Deol,FIR/2025/22831,FIR/2023/12580,1,SHARED_COMPLAINANT
Girik Issac,Ucchal Vig,Lucky Khosla,FIR/2025/03407,FIR/2024/18533,1,SHARED_COMPLAINANT
Anthony Parmer,Kamya Wadhwa,Lucky Shetty,FIR/2024/20713,FIR/2025/22802,1,SHARED_COMPLAINANT
Anthony Parmer,Nirja Datta,Lucky Shetty,FIR/2024/20713,FIR/2025/15940,1,SHARED_COMPLAINANT
Kamya Wadhwa,Nirja Datta,Lucky Shetty,FIR/2025/22802,FIR/2025/15940,1,SHARED_COMPLAINANT
Ethan Date,Praneel Iyengar,Luke Babu,FIR/2025/09228,FIR/2023/10383,1,SHARED_COMPLAINANT
Lohit Mangal,Matthew Rege,Luke Sheth,FIR/2023/20362,FIR/2023/06466,1,SHARED_COMPLAINANT
Bakhshi Sarma,Shivani Ahluwalia,Madhav Savant,FIR/2024/26062,FIR/2023/21510,1,SHARED_COMPLAINANT
Prisha Hari,Unni Suri,Madhav Sibal,FIR/2023/28260,FIR/2024/10261,1,SHARED_COMPLAINANT
Robert Sunder,Wazir Solanki,Mahika Patla,FIR/2025/10880,FIR/2024/29348,1,SHARED_COMPLAINANT
Anamika Varma,Wriddhish Mohan,Manan Dixit,FIR/2024/18200,FIR/2023/10195,1,SHARED_COMPLAINANT
Imaran Brahmbhatt,Nicholas Sura,Manan Kale,FIR/2023/26592,FIR/2023/25996,1,SHARED_COMPLAINANT
Logan Puri,Tarak Gokhale,Manan Kumer,FIR/2023/21127,FIR/2024/06004,1,SHARED_COMPLAINANT
Aachal Prasad,Xiti Ram,Manan Mital,FIR/2024/23642,FIR/2023/04635,1,SHARED_COMPLAINANT
Reyansh Ratta,Ronith Anand,Manan Sandal,FIR/2023/02407,FIR/2023/17418,1,SHARED_COMPLAINANT
Benjamin Sridhar,Dakshesh Mishra,Manbir Mani,FIR/2024/01613,FIR/2024/10709,1,SHARED_COMPLAINANT
Anusha Morar,Zehaan Sule,Manthan Deep,FIR/2025/18175,FIR/2023/19117,1,SHARED_COMPLAINANT
Raagini Dalal,Rudra Naidu,Manthan Khanna,FIR/2025/18778,FIR/2024/18390,1,SHARED_COMPLAINANT
Brinda Suresh,Nathan Chatterjee,Manthan Khosla,FIR/2025/00732,FIR/2023/05223,1,SHARED_COMPLAINANT
Ishani Sankar,Nakul Badal,Manthan Sane,FIR/2023/15784,FIR/2023/15616,1,SHARED_COMPLAINANT
Oviya Sidhu,Udant Kannan,Mason Bora,FIR/2023/05294,FIR/2024/19026,1,SHARED_COMPLAINANT
Arunima Borah,Raghav Wable,Mason Nadig,FIR/2024/12600,FIR/2023/13460,1,SHARED_COMPLAINANT
Chatresh Garde,Samesh Mukhopadhyay,Mason Oak,FIR/2024/19665,FIR/2023/08281,1,SHARED_COMPLAINANT
Ishaan Kibe,Mason Chad,Mason Rege,FIR/2025/24662,FIR/2023/16732,1,SHARED_COMPLAINANT
Dayita Dutt,Nitara Manda,Matthew Srinivas,FIR/2025/26208,FIR/2025/21928,1,SHARED_COMPLAINANT
Aarnav Dey,Ishita Sidhu,Max Bassi,FIR/2024/29206,FIR/2025/24178,1,SHARED_COMPLAINANT
Pranav Dhar,Watika Bose,Max Hora,FIR/2023/25232,FIR/2024/07237,1,SHARED_COMPLAINANT
Oni Narayanan,Samaksh Murthy,Max Kunda,FIR/2025/17922,FIR/2024/26507,1,SHARED_COMPLAINANT
Veer Date,Widisha Bahl,Maya Badal,FIR/2023/14343,FIR/2024/11874,1,SHARED_COMPLAINANT
Kashish Choudhry,Vamakshi Manda,Maya Palan,FIR/2024/11780,FIR/2023/19482,1,SHARED_COMPLAINANT
Andrew Nagar,Pratyush Hari,Meera Varty,FIR/2025/27175,FIR/2024/22392,1,SHARED_COMPLAINANT
Amol Dey,Nimrat Joshi,Meghana Kant,FIR/2024/09582,FIR/2024/07991,1,SHARED_COMPLAINANT
Maanav Gandhi,Mitesh Krishnan,Meghana Mangat,FIR/2024/24008,FIR/2023/26531,1,SHARED_COMPLAINANT
Chakrika Dar,Upadhriti Karan,Meghana Savant,FIR/2023/13430,FIR/2024/14076,1,SHARED_COMPLAINANT
Nathan Sani,Vivaan Chadha,Mekhala Kala,FIR/2024/04514,FIR/2025/20790,1,SHARED_COMPLAINANT
Aishani Yohannan,Reyansh Pandya,Mekhala Virk,FIR/2025/15280,FIR/2023/16672,1,SHARED_COMPLAINANT
Hardik Hayre,Vinaya Dalal,Michael Bedi,FIR/2023/01593,FIR/2023/23275,1,SHARED_COMPLAINANT
Tanish Prashad,Yadavi Bhagat,Michael Dutta,FIR/2023/16154,FIR/2023/00033,1,SHARED_COMPLAINANT
Caleb Goel,Mahika Shankar,Michael Hayre,FIR/2023/00715,FIR/2024/21555,1,SHARED_COMPLAINANT
Kamala Joshi,Samarth Talwar,Mitali Baral,FIR/2025/12998,FIR/2025/16175,1,SHARED_COMPLAINANT
Amaira Kant,Siya Pandya,Mitali Bassi,FIR/2024/10847,FIR/2025/03741,1,SHARED_COMPLAINANT
Amaira Goyal,Anika Pillay,Mitali Krish,FIR/2023/09551,FIR/2024/21887,1,SHARED_COMPLAINANT
Simon Chander,Unni Chada,Mitali Majumdar,FIR/2023/09147,FIR/2023/00345,1,SHARED_COMPLAINANT
Kabir Lalla,Theodore Varty,Mitesh Tandon,FIR/2025/21947,FIR/2024/01836,1,SHARED_COMPLAINANT
Divya Badal,Frado Khosla,Mohammed Bhatia,FIR/2023/23063,FIR/2024/24141,1,SHARED_COMPLAINANT
Shravya Kala,Wridesh Chander,Mohammed Krish,FIR/2024/11408,FIR/2023/25529,1,SHARED_COMPLAINANT
Daniel Karpe,Sneha Dhaliwal,Mohammed Puri,FIR/2025/25833,FIR/2023/06887,1,SHARED_COMPLAINANT
Arin Sibal,Tamanna Sood,Mohini Lad,FIR/2023/03638,FIR/2024/05574,1,SHARED_COMPLAINANT
Avni Chada,Urmi Khatri,Mohini Vig,FIR/2023/16635,FIR/2023/09759,1,SHARED_COMPLAINANT
Aarnav Chaudhari,Ekavir Krishnan,Mugdha Sunder,FIR/2024/02337,FIR/2024/08867,1,SHARED_COMPLAINANT
Christopher Oza,Triveni Madan,Nachiket Ahuja,FIR/2024/24290,FIR/2025/25930,1,SHARED_COMPLAINANT
Ishita Kohli,Reva Sandal,Nachiket Wali,FIR/2025/21691,FIR/2023/12170,1,SHARED_COMPLAINANT
Lopa Saha,Zehaan Shan,Naksh Comar,FIR/2023/12456,FIR/2024/24867,1,SHARED_COMPLAINANT
Charan Varughese,Forum Gour,Naksh Narang,FIR/2023/09566,FIR/2024/28660,1,SHARED_COMPLAINANT
Gaurang Hans,Samuel Tiwari,Naksh Patel,FIR/2025/11287,FIR/2023/16898,1,SHARED_COMPLAINANT
Sarthak Lata,William Chopra,Nakul Sampath,FIR/2023/21450,FIR/2025/18876,1,SHARED_COMPLAINANT
Krish Mani,Urvi Sibal,Nandini Boase,FIR/2024/06556,FIR/2025/00389,1,SHARED_COMPLAINANT
Deepa Agarwal,Vedant Ramakrishnan,Nandini Mohan,FIR/2024/10928,FIR/2023/07503,1,SHARED_COMPLAINANT
Arunima Lall,Nathan Amble,Nathan Parmar,FIR/2023/03419,FIR/2023/13400,1,SHARED_COMPLAINANT
Henry Sachdeva,Vrinda Prashad,Neel Barad,FIR/2025/11320,FIR/2024/07846,1,SHARED_COMPLAINANT
Laksh Badami,Rohan Krish,Neel Chopra,FIR/2023/17614,FIR/2023/20221,1,SHARED_COMPLAINANT
Chakradev Dhar,Patrick Bhandari,Neel Sachdeva,FIR/2024/22900,FIR/2024/06437,1,SHARED_COMPLAINANT
Nimrat Balay,Zinal Kota,Neelima Arora,FIR/2024/16484,FIR/2024/10495,1,SHARED_COMPLAINANT
Kamala Vohra,Warhi Narula,Neha Anne,FIR/2024/07260,FIR/2024/04590,1,SHARED_COMPLAINANT
Eshana Kalla,Zehaan Mane,Neha Ranganathan,FIR/2024/14422,FIR/2024/10035,1,SHARED_COMPLAINANT
Bhavya Bala,Qushi Pandya,Netra Bhalla,FIR/2025/09357,FIR/2024/16432,1,SHARED_COMPLAINANT
Amrita Lal,Ayushman Cherian,Netra Bir,FIR/2024/03428,FIR/2025/16555,1,SHARED_COMPLAINANT
Aadi Seth,Yashasvi Sahota,Netra Gill,FIR/2023/17370,FIR/2023/16040,1,SHARED_COMPLAINANT
Caleb Lanka,Qushi Bassi,Nicholas Mani,FIR/2024/23401,FIR/2023/23172,1,SHARED_COMPLAINANT
Ganga Dyal,Jeet Setty,Nicholas Puri,FIR/2023/27629,FIR/2023/29446,1,SHARED_COMPLAINANT
Darpan Pant,Max Jani,Nidhi Gokhale,FIR/2023/20173,FIR/2023/20820,1,SHARED_COMPLAINANT
Ishanvi Ram,Yatin Thaker,Nidra Chhabra,FIR/2023/04951,FIR/2023/01776,1,SHARED_COMPLAINANT
Gopal Yogi,Logan Natarajan,Nidra Sharaf,FIR/2023/27519,FIR/2023/00735,1,SHARED_COMPLAINANT
Nikita De,Yadavi Mallick,Nidra Sunder,FIR/2025/26193,FIR/2023/22978,1,SHARED_COMPLAINANT
Krisha Barman,Nitesh Memon,Nidra Thakkar,FIR/2024/00647,FIR/2023/22863,1,SHARED_COMPLAINANT
Mohini Gole,Rajata Nori,Nihal Devan,FIR/2023/02830,FIR/2023/07493,1,SHARED_COMPLAINANT
Tristan Pingle,Warda Mane,Niharika Nagi,FIR/2024/29233,FIR/2024/15974,1,SHARED_COMPLAINANT
Onkar Gokhale,Upasna Chandran,Niharika Oommen,FIR/2023/04390,FIR/2023/09449,1,SHARED_COMPLAINANT
Samesh Chanda,Zaitra Nori,Niharika Pathak,FIR/2025/10828,FIR/2024/26810,1,SHARED_COMPLAINANT
Krishna Singh,Ubika Kala,Nikita Bala,FIR/2025/20320,FIR/2024/18308,1,SHARED_COMPLAINANT
Jason Wadhwa,Netra Oommen,Nikita Batra,FIR/2023/11416,FIR/2023/04085,1,SHARED_COMPLAINANT
Megha Chander,Nakul Banerjee,Nilima Karan,FIR/2024/14186,FIR/2023/27342,1,SHARED_COMPLAINANT
Oni Mannan,Qabil Chahal,Nilima Saraf,FIR/2023/16649,FIR/2025/16983,1,SHARED_COMPLAINANT
Alka Bose,Vanya Sampath,Nimrat Sura,FIR/2023/23031,FIR/2025/26281,1,SHARED_COMPLAINANT
Bhavani Shetty,Fitan Verma,Nirja Kaul,FIR/2024/29999,FIR/2025/02530,1,SHARED_COMPLAINANT
Nirja Sur,Wriddhish Oza,Nirja Pandya,FIR/2025/00379,FIR/2023/29541,1,SHARED_COMPLAINANT
Ayushman Divan,Om Ramanathan,Nisha Mitter,FIR/2023/01647,FIR/2024/17013,1,SHARED_COMPLAINANT
Mitali Lalla,Nakul Thakkar,Nitara Gokhale,FIR/2025/09532,FIR/2023/14659,1,SHARED_COMPLAINANT
Isaac Buch,Mekhala Bandi,Nitesh Dugar,FIR/2025/14357,FIR/2025/17654,1,SHARED_COMPLAINANT
Saanvi Chaudhuri,Tara Rau,Nitesh Krishna,FIR/2024/04866,FIR/2023/26824,1,SHARED_COMPLAINANT
Diya Dugar,Pahal Kohli,Nitesh Narang,FIR/2023/00656,FIR/2023/26115,1,SHARED_COMPLAINANT
Hitesh Konda,Lajita Lanka,Noah Grewal,FIR/2023/09516,FIR/2025/06984,1,SHARED_COMPLAINANT
Daniel Bhandari,Vinaya Gole,Noah Nadkarni,FIR/2023/15410,FIR/2023/27999,1,SHARED_COMPLAINANT
Isaac Sane,Osha Sant,Noah Vig,FIR/2024/18902,FIR/2025/09888,1,SHARED_COMPLAINANT
Caleb Shetty,Rachita Dyal,Odika Natarajan,FIR/2024/19678,FIR/2023/16455,1,SHARED_COMPLAINANT
Pushti Hora,Triveni Bhargava,Odika Sama,FIR/2023/10061,FIR/2023/21501,1,SHARED_COMPLAINANT
Ekbal Mani,Watika Narula,Odika Uppal,FIR/2023/05921,FIR/2023/13296,1,SHARED_COMPLAINANT
Chaitaly Mohanty,Omya Sandal,Ojas Dua,FIR/2023/02330,FIR/2025/27438,1,SHARED_COMPLAINANT
Avni Gandhi,Gopal Bala,Ojas Mishra,FIR/2023/28002,FIR/2023/26200,1,SHARED_COMPLAINANT
Anjali Grover,Harrison Mahal,Ojasvi Hari,FIR/2024/27654,FIR/2024/25935,1,SHARED_COMPLAINANT
Hritik Kibe,Saumya Bali,Ojasvi Patla,FIR/2023/16313,FIR/2023/12680,1,SHARED_COMPLAINANT
Brijesh Baral,Ekaraj Sabharwal,Oliver Trivedi,FIR/2024/17653,FIR/2024/02580,1,SHARED_COMPLAINANT
Ekantika Mallick,Jagat Pathak,Om Mane,FIR/2025/09979,FIR/2024/28189,1,SHARED_COMPLAINANT
Ethan Arya,Harrison Chand,Omisha Ahluwalia,FIR/2025/28468,FIR/2024/03999,1,SHARED_COMPLAINANT
Ubika Luthra,Udant Madan,Omisha Ramaswamy,FIR/2023/19664,FIR/2025/05990,1,SHARED_COMPLAINANT
Jonathan Ratti,Jonathan Sant,Omkaar Sant,FIR/2023/26983,FIR/2025/25057,1,SHARED_COMPLAINANT
Nakul Sane,Xalak Dhingra,Oni Gera,FIR/2024/04077,FIR/2025/09099,1,SHARED_COMPLAINANT
Abhimanyu De,Vedhika Tailor,Oni Yadav,FIR/2023/28825,FIR/2025/06806,1,SHARED_COMPLAINANT
Ishaan Konda,Xavier Agarwal,Onkar Bhargava,FIR/2023/17172,FIR/2025/11036,1,SHARED_COMPLAINANT
Praneel Varty,Sarthak Sem,Onkar Hari,FIR/2024/02500,FIR/2024/21888,1,SHARED_COMPLAINANT
Caleb Dhar,Onkar Trivedi,Onkar Ratta,FIR/2024/20737,FIR/2025/24683,1,SHARED_COMPLAINANT
Shaurya Rout,Wyatt Kara,Onveer Narain,FIR/2025/03260,FIR/2023/02634,1,SHARED_COMPLAINANT
Chakrika Bandi,Pahal Kar,Orinder Dugar,FIR/2023/28634,FIR/2024/05033,1,SHARED_COMPLAINANT
Manbir Venkatesh,Zansi Mahajan,Orinder Edwin,FIR/2025/07495,FIR/2023/12893,1,SHARED_COMPLAINANT
Charan Chandra,Hemal Mandal,Orinder Mishra,FIR/2025/00826,FIR/2025/23628,1,SHARED_COMPLAINANT
Nimrat Khalsa,Riya Vohra,Orinder Singhal,FIR/2023/29737,FIR/2024/09796,1,SHARED_COMPLAINANT
Sneha Srivastava,Suhani Grover,Oscar Mall,FIR/2024/12058,FIR/2023/06250,1,SHARED_COMPLAINANT
Damyanti Sawhney,Ekapad Wali,Oscar Sarin,FIR/2025/14462,FIR/2023/03373,1,SHARED_COMPLAINANT
Adya Bhasin,Jairaj Dhar,Oscar Sura,FIR/2025/01585,FIR/2024/22479,1,SHARED_COMPLAINANT
Daksh Chada,Nandini Edwin,Oviya Sinha,FIR/2025/14376,FIR/2023/17991,1,SHARED_COMPLAINANT
Abeer Dora,Abhiram Sangha,Owen Thakur,FIR/2023/02356,FIR/2024/25613,1,SHARED_COMPLAINANT
Aradhana Sen,Falguni Nanda,Pahal Pau,FIR/2023/08683,FIR/2025/24012,1,SHARED_COMPLAINANT
Aradhana Sen,Triya Sood,Pahal Pau,FIR/2023/08683,FIR/2023/20100,1,SHARED_COMPLAINANT
Falguni Nanda,Triya Sood,Pahal Pau,FIR/2025/24012,FIR/2023/20100,1,SHARED_COMPLAINANT
Darpan Ben,Jeremiah Babu,Pahal Reddy,FIR/2023/19506,FIR/2023/14982,1,SHARED_COMPLAINANT
Darika Ratti,Ojas Bhatt,Pallavi Kamdar,FIR/2024/02196,FIR/2025/20978,1,SHARED_COMPLAINANT
Radha Oommen,Yauvani Dhaliwal,Pallavi Morar,FIR/2024/05504,FIR/2023/07173,1,SHARED_COMPLAINANT
Om Hans,Orinder Chaudry,Pallavi Mukherjee,FIR/2023/09249,FIR/2025/15862,1,SHARED_COMPLAINANT
Chatresh Bajaj,Gopal Talwar,Pallavi Patla,FIR/2024/05660,FIR/2023/08206,1,SHARED_COMPLAINANT
Chatresh Bajaj,Nicholas Behl,Pallavi Patla,FIR/2024/05660,FIR/2024/20787,1,SHARED_COMPLAINANT
Gopal Talwar,Nicholas Behl,Pallavi Patla,FIR/2023/08206,FIR/2024/20787,1,SHARED_COMPLAINANT
Naveen Banerjee,Qushi Rattan,Panini Kari,FIR/2023/20878,FIR/2023/28225,1,SHARED_COMPLAINANT
Bhavika Nori,Lipika Narayanan,Panini Sibal,FIR/2025/27188,FIR/2023/10938,1,SHARED_COMPLAINANT
Amruta Bhandari,Dominic Ghose,Parth Mallick,FIR/2025/24766,FIR/2023/29118,1,SHARED_COMPLAINANT
Charvi Vig,Zaitra Basu,Pavani De,FIR/2024/05664,FIR/2025/02409,1,SHARED_COMPLAINANT
Maya Comar,Shivansh Handa,Pavani Divan,FIR/2023/03413,FIR/2023/09545,1,SHARED_COMPLAINANT
Jagvi Soni,Siddharth Trivedi,Pavani Tata,FIR/2024/12801,FIR/2023/24619,1,SHARED_COMPLAINANT
Isaiah Lal,Netra Bali,Peter Sarna,FIR/2024/01660,FIR/2023/25482,1,SHARED_COMPLAINANT
Michael Peri,Mitali Bhandari,Pranav Lanka,FIR/2023/00124,FIR/2024/11697,1,SHARED_COMPLAINANT
Lucky Chad,Umang Uppal,Pranav Thaman,FIR/2024/25412,FIR/2023/12619,1,SHARED_COMPLAINANT
Bakhshi Solanki,Chanakya Sundaram,Praneel Batta,FIR/2025/22285,FIR/2023/05654,1,SHARED_COMPLAINANT
Chaman Som,Rohan Suri,Praneel Doctor,FIR/2023/16254,FIR/2025/26112,1,SHARED_COMPLAINANT
Samar Mitra,Sneha Kothari,Praneel Kumer,FIR/2024/07411,FIR/2023/13785,1,SHARED_COMPLAINANT
Ikbal Hari,Onkar Parmer,Praneel Raja,FIR/2025/02125,FIR/2025/11918,1,SHARED_COMPLAINANT
Gavin Handa,Jacob Gade,Pranit Naidu,FIR/2023/07962,FIR/2024/03245,1,SHARED_COMPLAINANT
Imaran Loke,Jagdish Dhingra,Pranit Rajagopalan,FIR/2025/20389,FIR/2023/09454,1,SHARED_COMPLAINANT
Arunima Bhattacharyya,Daksha Chokshi,Pranit Sheth,FIR/2023/10666,FIR/2025/17188,1,SHARED_COMPLAINANT
Harsh Tella,Shivansh Nanda,Pranit Tripathi,FIR/2024/03426,FIR/2023/12295,1,SHARED_COMPLAINANT
Onveer Jani,Ria Rau,Pratyush Bhatti,FIR/2024/15299,FIR/2025/22353,1,SHARED_COMPLAINANT
George Rege,Ranbir Mann,Pratyush Chacko,FIR/2023/29729,FIR/2025/20177,1,SHARED_COMPLAINANT
Qabil Madan,Zashil Pal,Pratyush Dar,FIR/2023/23349,FIR/2024/16099,1,SHARED_COMPLAINANT
Eesha Hegde,Tejas Sur,Prisha Puri,FIR/2023/03450,FIR/2025/12726,1,SHARED_COMPLAINANT
Quincy Zacharia,Unnati Samra,Priya Guha,FIR/2023/07870,FIR/2024/21475,1,SHARED_COMPLAINANT
Bhavika Sachdev,Nathan Prakash,Priya Rastogi,FIR/2023/00030,FIR/2024/20932,1,SHARED_COMPLAINANT
Gaurika Lalla,Tanay Chhabra,Pushti Kaur,FIR/2023/06802,FIR/2025/29755,1,SHARED_COMPLAINANT
Fiyaz Krishnan,Quincy Solanki,Pushti Mann,FIR/2025/11389,FIR/2024/29738,1,SHARED_COMPLAINANT
Indira Pingle,Irya Sethi,Pushti Sama,FIR/2025/25154,FIR/2025/27118,1,SHARED_COMPLAINANT
Aahana Dhingra,Faqid Kale,Pushti Sharaf,FIR/2025/29174,FIR/2024/25398,1,SHARED_COMPLAINANT
Bimala Talwar,Eiravati Krishnan,Qabil Atwal,FIR/2023/04105,FIR/2024/17923,1,SHARED_COMPLAINANT
Faraj Srinivasan,Matthew Mallick,Qabil Chowdhury,FIR/2024/21697,FIR/2023/26422,1,SHARED_COMPLAINANT
Dakshesh Kamdar,Ekta Bobal,Qabil Ramaswamy,FIR/2023/02227,FIR/2025/13775,1,SHARED_COMPLAINANT
Girindra Chaudhry,Jeet Rajagopalan,Qabil Yadav,FIR/2024/23053,FIR/2024/02931,1,SHARED_COMPLAINANT
Januja Patil,Omkaar Ghosh,Qarin Sami,FIR/2025/12987,FIR/2025/20839,1,SHARED_COMPLAINANT
Ira Kashyap,Kabir Gour,Qasim Chandra,FIR/2024/08331,FIR/2024/09010,1,SHARED_COMPLAINANT
Ishani Yadav,Qabil Jhaveri,Qasim Sachdev,FIR/2024/06958,FIR/2025/04633,1,SHARED_COMPLAINANT
Nihal Issac,Yadavi Samra,Qasim Sibal,FIR/2023/27363,FIR/2024/15445,1,SHARED_COMPLAINANT
Jeet Goel,Robert Hayre,Quincy Chaudry,FIR/2023/01504,FIR/2024/15352,1,SHARED_COMPLAINANT
Gaurika Krish,Jonathan Bahl,Quincy Dhar,FIR/2025/15653,FIR/2025/19077,1,SHARED_COMPLAINANT
Gaurika Krish,Vansha Jaggi,Quincy Dhar,FIR/2025/15653,FIR/2024/23615,1,SHARED_COMPLAINANT
Jonathan Bahl,Vansha Jaggi,Quincy Dhar,FIR/2025/19077,FIR/2024/23615,1,SHARED_COMPLAINANT
Balveer Venkataraman,Girindra Halder,Quincy Dutt,FIR/2023/14494,FIR/2025/08825,1,SHARED_COMPLAINANT
Gautam Ranganathan,Nidra Talwar,Quincy Malhotra,FIR/2024/17342,FIR/2024/03867,1,SHARED_COMPLAINANT
Chandran Dewan,Joshua Chatterjee,Quincy Nadkarni,FIR/2023/18325,FIR/2024/03763,1,SHARED_COMPLAINANT
Upma Bhalla,Zayyan Borde,Qushi Upadhyay,FIR/2025/17379,FIR/2023/05178,1,SHARED_COMPLAINANT
Gagan Sankaran,Veer Nigam,Raagini Desai,FIR/2025/08801,FIR/2025/02136,1,SHARED_COMPLAINANT
Shivani Panchal,Yuvraj Raj,Raagini Joshi,FIR/2023/16717,FIR/2025/06027,1,SHARED_COMPLAINANT
Ranbir Hayer,Vamakshi Malhotra,Raagini Nayak,FIR/2023/24995,FIR/2025/12491,1,SHARED_COMPLAINANT
Ethan Issac,Unnati Hayre,Raagini Parekh,FIR/2025/13728,FIR/2023/18592,1,SHARED_COMPLAINANT
Kevin Shenoy,Rishi Singh,Raagini Thakkar,FIR/2023/23112,FIR/2024/29653,1,SHARED_COMPLAINANT
Isaac Narasimhan,Ronith Modi,Rachana Bhatti,FIR/2023/14228,FIR/2023/02527,1,SHARED_COMPLAINANT
Eshana Atwal,Owen Pillay,Rachit Sankar,FIR/2023/25526,FIR/2024/00764,1,SHARED_COMPLAINANT
Mitesh Wagle,Owen Pillay,Radha Kala,FIR/2023/26309,FIR/2024/29007,1,SHARED_COMPLAINANT
Falan Lala,Owen Bali,Radha Rajagopalan,FIR/2025/24958,FIR/2023/21669,1,SHARED_COMPLAINANT
Nandini Sunder,Zilmil Ramesh,Radha Tak,FIR/2023/28581,FIR/2024/07841,1,SHARED_COMPLAINANT
Ekaja Saran,Hemal Contractor,Radhika Anand,FIR/2024/10397,FIR/2024/11278,1,SHARED_COMPLAINANT
Barkha Balasubramanian,Raksha Shankar,Radhika Balakrishnan,FIR/2025/22128,FIR/2023/02797,1,SHARED_COMPLAINANT
Baghyawati Vig,Diya Roy,Radhika Mital,FIR/2023/10282,FIR/2023/07419,1,SHARED_COMPLAINANT
Qasim Sarin,Vritti Peri,Radhika Nagy,FIR/2023/18461,FIR/2023/23640,1,SHARED_COMPLAINANT
Gabriel Krishna,Raghav Sharma,Radhika Sahni,FIR/2023/06330,FIR/2023/26375,1,SHARED_COMPLAINANT
Hamsini Tandon,Hemang Jayaraman,Raghav Aggarwal,FIR/2024/04922,FIR/2025/02785,1,SHARED_COMPLAINANT
Megha Ray,Samuel Murty,Raghav Dara,FIR/2023/01222,FIR/2023/04473,1,SHARED_COMPLAINANT
Aarush Kata,Vivaan Sahota,Raghav Jaggi,FIR/2023/03098,FIR/2023/16483,1,SHARED_COMPLAINANT
Bhavani Kale,Ekbal Jani,Raghav Ravi,FIR/2024/08529,FIR/2025/04109,1,SHARED_COMPLAINANT
Neel Malhotra,Sarthak Kakar,Raghav Soman,FIR/2023/02625,FIR/2024/16848,1,SHARED_COMPLAINANT
Chanakya Bir,Gunbir Ranganathan,Raghav Tailor,FIR/2024/04958,FIR/2025/01003,1,SHARED_COMPLAINANT
Nakul Bhasin,Noah Prasad,Rajata Jaggi,FIR/2025/16911,FIR/2024/02160,1,SHARED_COMPLAINANT
Andrew Bansal,Varenya Ganguly,Rajata Lad,FIR/2023/21941,FIR/2025/27393,1,SHARED_COMPLAINANT
Shaurya Shroff,Warda Kaur,Rajeshri Dugar,FIR/2024/11555,FIR/2023/11953,1,SHARED_COMPLAINANT
Aahana Guha,Unni Ranganathan,Raksha Buch,FIR/2023/09908,FIR/2025/00249,1,SHARED_COMPLAINANT
Jeevika Sinha,Robert Kadakia,Ranbir Ray,FIR/2023/21381,FIR/2024/18693,1,SHARED_COMPLAINANT
Aditya Cheema,Harsh Bains,Ranbir Wason,FIR/2023/02575,FIR/2024/27836,1,SHARED_COMPLAINANT
Champak Saraf,Hemal Mitra,Ranveer Bath,FIR/2023/12814,FIR/2024/27383,1,SHARED_COMPLAINANT
Chaitanya Comar,Harish Sampath,Ranveer Bhatnagar,FIR/2024/15155,FIR/2024/05395,1,SHARED_COMPLAINANT
Anya Singh,Warda Deol,Ranveer Kala,FIR/2023/20490,FIR/2023/18481,1,SHARED_COMPLAINANT
Ladli Chand,Veer Tata,Ranveer Sane,FIR/2025/29182,FIR/2023/23511,1,SHARED_COMPLAINANT
Frado Tella,Hemani Chokshi,Rayaan Loyal,FIR/2025/14344,FIR/2023/26186,1,SHARED_COMPLAINANT
Frado Tella,Yamini Solanki,Rayaan Loyal,FIR/2025/14344,FIR/2023/11659,1,SHARED_COMPLAINANT
Hemani Chokshi,Yamini Solanki,Rayaan Loyal,FIR/2023/26186,FIR/2023/11659,1,SHARED_COMPLAINANT
Ekaraj Kapoor,Oeshi Soman,Rayaan Muni,FIR/2023/17684,FIR/2023/24463,1,SHARED_COMPLAINANT
Joshua Vala,Zinal More,Rayaan Trivedi,FIR/2024/00276,FIR/2023/07475,1,SHARED_COMPLAINANT
Isha Viswanathan,Janani Cherian,Rehaan Chadha,FIR/2025/29642,FIR/2024/03442,1,SHARED_COMPLAINANT
Dhruv Pandya,Rudra Parsa,Reva Anne,FIR/2024/13488,FIR/2024/01394,1,SHARED_COMPLAINANT
Avni Pradhan,Netra Dora,Reva Dhaliwal,FIR/2025/16055,FIR/2025/20419,1,SHARED_COMPLAINANT
Omkaar Loyal,Yauvani Sengupta,Reva Sidhu,FIR/2025/25761,FIR/2023/17128,1,SHARED_COMPLAINANT
Anika Gade,Qasim Shroff,Reyansh Parekh,FIR/2024/17986,FIR/2025/21234,1,SHARED_COMPLAINANT
Frederick Oak,Logan Narang,Ridhi Boase,FIR/2023/04313,FIR/2023/01868,1,SHARED_COMPLAINANT
Ekaja Chaudhary,Vihaan Bawa,Rishi Merchant,FIR/2024/08169,FIR/2024/11381,1,SHARED_COMPLAINANT
Vyanjana Bajwa,Yasti Krish,Rishi Oza,FIR/2024/03478,FIR/2025/22752,1,SHARED_COMPLAINANT
Vyanjana Bajwa,Yoshita Kulkarni,Rishi Oza,FIR/2024/03478,FIR/2024/29580,1,SHARED_COMPLAINANT
Yasti Krish,Yoshita Kulkarni,Rishi Oza,FIR/2025/22752,FIR/2024/29580,1,SHARED_COMPLAINANT
Jeevika Mitter,Yadavi Chauhan,Rishi Ramachandran,FIR/2024/17276,FIR/2024/23547,1,SHARED_COMPLAINANT
Devansh Banerjee,Upadhriti Bajaj,Riya Borah,FIR/2025/14368,FIR/2023/20602,1,SHARED_COMPLAINANT
Anirudh Sawhney,Ayush Jha,Riya Pai,FIR/2023/00308,FIR/2024/02389,1,SHARED_COMPLAINANT
Anirudh Sawhney,Charvi Sankaran,Riya Pai,FIR/2023/00308,FIR/2024/24962,1,SHARED_COMPLAINANT
Ayush Jha,Charvi Sankaran,Riya Pai,FIR/2024/02389,FIR/2024/24962,1,SHARED_COMPLAINANT
Quincy Tella,Yagnesh Samra,Riya Sathe,FIR/2024/21006,FIR/2023/00139,1,SHARED_COMPLAINANT
Arin Kapur,Omkaar Nayak,Robert Sahota,FIR/2023/09693,FIR/2023/04797,1,SHARED_COMPLAINANT
Shaurya Loke,Veer Chaudry,Robert Sen,FIR/2023/17784,FIR/2024/23152,1,SHARED_COMPLAINANT
Barkha Bandi,Yash Hari,Rohan Kumer,FIR/2023/20835,FIR/2025/11791,1,SHARED_COMPLAINANT
Faraj Malhotra,Mohini Balakrishnan,Ronith Krish,FIR/2024/08751,FIR/2024/25630,1,SHARED_COMPLAINANT
Baljiwan Bhasin,Zinal Thakur,Ronith Rout,FIR/2024/06643,FIR/2023/21322,1,SHARED_COMPLAINANT
Agastya Kade,Utkarsh Rajan,Rudra Kothari,FIR/2024/21674,FIR/2024/09244,1,SHARED_COMPLAINANT
Kai Dey,Madhavi Korpal,Rudra Sangha,FIR/2023/08953,FIR/2023/10230,1,SHARED_COMPLAINANT
Idika Naik,Nitesh Bhagat,Ryan Wable,FIR/2024/22511,FIR/2023/07258,1,SHARED_COMPLAINANT
Harinakshi Hans,Vivaan Sabharwal,Saanvi Dhingra,FIR/2024/02379,FIR/2024/07922,1,SHARED_COMPLAINANT
Gaurav Hegde,Girish Sekhon,Sachi Bassi,FIR/2023/28571,FIR/2023/07952,1,SHARED_COMPLAINANT
Gaurav Hegde,Xalak Raju,Sachi Bassi,FIR/2023/28571,FIR/2024/13483,1,SHARED_COMPLAINANT
Girish Sekhon,Xalak Raju,Sachi Bassi,FIR/2023/07952,FIR/2024/13483,1,SHARED_COMPLAINANT
Edhitha Sanghvi,Nathan Patel,Sachi Rajan,FIR/2025/12464,FIR/2023/25862,1,SHARED_COMPLAINANT
Harsh Subramanian,Tamanna Ghosh,Sai Brahmbhatt,FIR/2024/16467,FIR/2023/13662,1,SHARED_COMPLAINANT
Brinda Barman,Falguni Mishra,Sai Goda,FIR/2024/01785,FIR/2025/27659,1,SHARED_COMPLAINANT
Kashvi Ganesan,Rudra Wason,Sai Karan,FIR/2025/04234,FIR/2024/26610,1,SHARED_COMPLAINANT
Anya Sibal,Sanya Tella,Sai Koshy,FIR/2023/27838,FIR/2025/11013,1,SHARED_COMPLAINANT
Tanish Dar,Yamini Chad,Sai Majumdar,FIR/2023/27554,FIR/2025/04990,1,SHARED_COMPLAINANT
Alexander Jayaraman,Chaaya Bhasin,Sai Mammen,FIR/2024/09736,FIR/2024/29385,1,SHARED_COMPLAINANT
Daniel Shan,Yochana Halder,Sai Mani,FIR/2023/19966,FIR/2025/25457,1,SHARED_COMPLAINANT
Ishani Deep,Raghav Vasa,Sai Oak,FIR/2024/17979,FIR/2025/28738,1,SHARED_COMPLAINANT
Kevin Chand,Tanveer Saini,Sai Reddy,FIR/2024/17361,FIR/2024/21350,1,SHARED_COMPLAINANT
Max Varghese,Nihal Kala,Sai Shere,FIR/2024/06058,FIR/2025/20422,1,SHARED_COMPLAINANT
Ekapad Sundaram,Hiral Kala,Sai Sidhu,FIR/2024/23550,FIR/2025/06538,1,SHARED_COMPLAINANT
Hemani Shukla,Karan Mallick,Saksham Kohli,FIR/2025/12114,FIR/2024/22725,1,SHARED_COMPLAINANT
Falguni Dhingra,Netra Palla,Saksham Roy,FIR/2024/23421,FIR/2024/17974,1,SHARED_COMPLAINANT
Anika Loyal,Varsha Bobal,Samar Kala,FIR/2024/26229,FIR/2024/06369,1,SHARED_COMPLAINANT
Chakradhar Bose,Ekalinga Ganguly,Samarth Kala,FIR/2024/08095,FIR/2024/26546,1,SHARED_COMPLAINANT
Chakradhar Bose,Ira Krish,Samarth Kala,FIR/2024/08095,FIR/2023/10468,1,SHARED_COMPLAINANT
Ekalinga Ganguly,Ira Krish,Samarth Kala,FIR/2024/26546,FIR/2023/10468,1,SHARED_COMPLAINANT
Lipika Chana,Tarak Sridhar,Samesh Nadig,FIR/2024/01792,FIR/2025/23965,1,SHARED_COMPLAINANT
Patrick Ganesan,Qasim Sarna,Samuel Devi,FIR/2024/17408,FIR/2024/01641,1,SHARED_COMPLAINANT
Jeet Raval,Owen Ramachandran,Samuel Kale,FIR/2023/02239,FIR/2024/08544,1,SHARED_COMPLAINANT
Jeevika Buch,Urishilla Dua,Sanaya Sama,FIR/2025/21698,FIR/2023/16506,1,SHARED_COMPLAINANT
Arya Narayanan,Nathan Karpe,Sanya Jayaraman,FIR/2024/15804,FIR/2023/10117,1,SHARED_COMPLAINANT
Fiyaz Sani,Teerth Borra,Sara Bhalla,FIR/2024/27891,FIR/2025/26519,1,SHARED_COMPLAINANT
Jai Dhawan,Mekhala Chokshi,Sathvik Dhar,FIR/2023/18817,FIR/2024/08216,1,SHARED_COMPLAINANT
Champak Nagi,Indrajit Reddy,Sathvik Gokhale,FIR/2023/03620,FIR/2024/16953,1,SHARED_COMPLAINANT
Chaitanya Bail,Nandini Narain,Sathvik Hari,FIR/2024/06997,FIR/2024/10201,1,SHARED_COMPLAINANT
Michael Parikh,Nilima Arora,Saumya Bhandari,FIR/2024/08493,FIR/2024/04213,1,SHARED_COMPLAINANT
Ekapad Maharaj,Pranav Chawla,Saumya Ganguly,FIR/2023/14403,FIR/2023/02909,1,SHARED_COMPLAINANT
Frado Sengupta,Jeevika Prakash,Saumya Kumer,FIR/2023/29502,FIR/2024/10347,1,SHARED_COMPLAINANT
Aarav Ramaswamy,Oliver Pall,Saumya Sandal,FIR/2025/14281,FIR/2023/05049,1,SHARED_COMPLAINANT
Quincy Rajagopal,Vritti Dass,Shaurya Kamdar,FIR/2024/29414,FIR/2024/02832,1,SHARED_COMPLAINANT
Jagat Chandra,Lucky Parekh,Shaurya Sarna,FIR/2023/02615,FIR/2023/11258,1,SHARED_COMPLAINANT
Aditya Mody,Vedhika Prakash,Shivani Chatterjee,FIR/2024/03166,FIR/2024/26181,1,SHARED_COMPLAINANT
Laban Golla,Rehaan Thaker,Shivani Rajagopalan,FIR/2023/01810,FIR/2023/25247,1,SHARED_COMPLAINANT
Jeevika Chowdhury,Patrick Yadav,Shivansh Misra,FIR/2024/29522,FIR/2023/12241,1,SHARED_COMPLAINANT
Januja Lad,Reva Toor,Shravya Manda,FIR/2023/14692,FIR/2023/25271,1,SHARED_COMPLAINANT
Ayushman Ramesh,Yutika Badal,Shravya Sodhi,FIR/2024/21274,FIR/2024/23078,1,SHARED_COMPLAINANT
Adweta Kanda,Henry Deol,Siddharth Bains,FIR/2024/23559,FIR/2025/25224,1,SHARED_COMPLAINANT
Garima Parmar,Radha Dani,Siddharth Buch,FIR/2024/10234,FIR/2023/16520,1,SHARED_COMPLAINANT
Udyati Jhaveri,Yachana Balay,Siddharth Patla,FIR/2024/15984,FIR/2023/25899,1,SHARED_COMPLAINANT
Hemal Wali,Pratyush Kota,Simon Ganesh,FIR/2024/21444,FIR/2023/04917,1,SHARED_COMPLAINANT
Hemal Wali,Quincy Rajan,Simon Ganesh,FIR/2024/21444,FIR/2025/05743,1,SHARED_COMPLAINANT
Pratyush Kota,Quincy Rajan,Simon Ganesh,FIR/2023/04917,FIR/2025/05743,1,SHARED_COMPLAINANT
Eshana Karpe,Udarsh Tara,Siya Thakur,FIR/2023/09232,FIR/2024/00360,1,SHARED_COMPLAINANT
Jatin Acharya,Unnati Trivedi,Sneha Bahri,FIR/2025/29339,FIR/2025/15752,1,SHARED_COMPLAINANT
Aarna Deol,Jason Ramesh,Sudiksha Nayar,FIR/2023/23105,FIR/2023/08039,1,SHARED_COMPLAINANT
Frado Sule,Urvi Bahl,Suhani Gokhale,FIR/2023/15080,FIR/2024/15634,1,SHARED_COMPLAINANT
Gautam Chakrabarti,Mason Bhatti,Suhani Shroff,FIR/2025/27015,FIR/2024/21799,1,SHARED_COMPLAINANT
Amara Anne,Balhaar Hora,Tamanna Sidhu,FIR/2025/11197,FIR/2023/09436,1,SHARED_COMPLAINANT
Aarnav Sampath,Shravya Sanghvi,Tanay Jain,FIR/2023/21477,FIR/2024/17943,1,SHARED_COMPLAINANT
Elijah Shere,Xalak Goel,Tanay Ramaswamy,FIR/2023/12246,FIR/2023/04342,1,SHARED_COMPLAINANT
Hiral Sabharwal,Neelima Kunda,Tanmayi Sodhi,FIR/2023/10137,FIR/2025/04560,1,SHARED_COMPLAINANT
Gagan Ramakrishnan,Parth Behl,Tanveer Pall,FIR/2023/25129,FIR/2023/16389,1,SHARED_COMPLAINANT
Agastya Shankar,Kala Ghosh,Tanveer Sunder,FIR/2024/13232,FIR/2023/16658,1,SHARED_COMPLAINANT
Girindra Madan,Hemani Kumar,Tanvi Gaba,FIR/2024/26957,FIR/2024/23117,1,SHARED_COMPLAINANT
Chandresh Brar,Gaurika Sankar,Tanvi Modi,FIR/2024/07696,FIR/2023/02002,1,SHARED_COMPLAINANT
Irya Sankar,Ranbir Mani,Tanvi Sethi,FIR/2024/21850,FIR/2024/17632,1,SHARED_COMPLAINANT
Oviya Devan,Yashica Nayar,Tara Dugar,FIR/2024/16891,FIR/2025/12433,1,SHARED_COMPLAINANT
Harinakshi Sha,Hemani Issac,Tarak Dua,FIR/2024/06102,FIR/2025/17336,1,SHARED_COMPLAINANT
Daksha Shah,Zansi Mannan,Tarak Kala,FIR/2025/29094,FIR/2023/21102,1,SHARED_COMPLAINANT
Balendra Kashyap,Suhani Dhar,Teerth Balan,FIR/2025/06532,FIR/2023/03228,1,SHARED_COMPLAINANT
Charita Mutti,Harsh Doshi,Teerth Bhalla,FIR/2023/25957,FIR/2023/00683,1,SHARED_COMPLAINANT
Maya Mukherjee,Sachi Tata,Teerth Sethi,FIR/2023/09751,FIR/2023/16979,1,SHARED_COMPLAINANT
Dakshesh Wali,Owen Sodhi,Tejas Dar,FIR/2025/05983,FIR/2024/17144,1,SHARED_COMPLAINANT
Janaki Sood,Yadavi Bal,Tejas Dube,FIR/2023/12655,FIR/2023/08523,1,SHARED_COMPLAINANT
Mekhala Gaba,Yadavi Vaidya,Tejas Guha,FIR/2024/14438,FIR/2025/03167,1,SHARED_COMPLAINANT
Edhitha Thaker,Reva Dash,Tejas Seth,FIR/2025/18807,FIR/2023/23505,1,SHARED_COMPLAINANT
Madhav Thakkar,Madhavi Shanker,Theodore Jain,FIR/2024/02586,FIR/2025/18028,1,SHARED_COMPLAINANT
Anjali Gole,Chakradev Lad,Thomas Borah,FIR/2023/01942,FIR/2024/08237,1,SHARED_COMPLAINANT
Parth Luthra,Ranbir Nori,Thomas Loyal,FIR/2023/22174,FIR/2024/03321,1,SHARED_COMPLAINANT
Balhaar Kara,Jyoti Dhaliwal,Thomas Pillay,FIR/2025/08053,FIR/2023/12702,1,SHARED_COMPLAINANT
Lakshmi Varty,Raagini Master,Thomas Savant,FIR/2023/26506,FIR/2025/12103,1,SHARED_COMPLAINANT
Edhitha Grover,Ronith Khatri,Thomas Sawhney,FIR/2024/08229,FIR/2024/03490,1,SHARED_COMPLAINANT
Daksha Dada,Dhruv Sarna,Thomas Tank,FIR/2025/08035,FIR/2023/16796,1,SHARED_COMPLAINANT
Bhavya Bath,Hemangini Merchant,Timothy Butala,FIR/2023/09614,FIR/2023/29845,1,SHARED_COMPLAINANT
Lajita Chahal,Oeshi Guha,Timothy Handa,FIR/2025/05663,FIR/2025/15432,1,SHARED_COMPLAINANT
Hemang Mand,Nimrat Nadig,Timothy Kanda,FIR/2024/20410,FIR/2025/00649,1,SHARED_COMPLAINANT
Banjeet Vala,Dakshesh Choudhary,Timothy Kaur,FIR/2024/23472,FIR/2024/02495,1,SHARED_COMPLAINANT
Kavya Dutt,Mitali Mohan,Timothy Rege,FIR/2023/28692,FIR/2024/23585,1,SHARED_COMPLAINANT
Bakhshi Munshi,Finn Jaggi,Tristan Kala,FIR/2024/29774,FIR/2025/28730,1,SHARED_COMPLAINANT
Bakhshi Munshi,Irya Devan,Tristan Kala,FIR/2024/29774,FIR/2024/09412,1,SHARED_COMPLAINANT
Bakhshi Munshi,Luke Zachariah,Tristan Kala,FIR/2024/29774,FIR/2023/01577,1,SHARED_COMPLAINANT
Finn Jaggi,Irya Devan,Tristan Kala,FIR/2025/28730,FIR/2024/09412,1,SHARED_COMPLAINANT
Finn Jaggi,Luke Zachariah,Tristan Kala,FIR/2025/28730,FIR/2023/01577,1,SHARED_COMPLAINANT
Irya Devan,Luke Zachariah,Tristan Kala,FIR/2024/09412,FIR/2023/01577,1,SHARED_COMPLAINANT
Adya Saini,Kritika Pingle,Tristan Uppal,FIR/2025/00800,FIR/2025/25109,1,SHARED_COMPLAINANT
Manthan Hans,Robert Shan,Triveni Balan,FIR/2024/13624,FIR/2023/18757,1,SHARED_COMPLAINANT
Charita Sane,Januja Bera,Triveni Memon,FIR/2023/28141,FIR/2025/19684,1,SHARED_COMPLAINANT
Hredhaan Borah,Vrishti Oak,Triya Palla,FIR/2024/05694,FIR/2025/23011,1,SHARED_COMPLAINANT
Ayush Oza,Kevin Bajwa,Turvi Kala,FIR/2024/19098,FIR/2024/10643,1,SHARED_COMPLAINANT
Maanav Kala,Max Seshadri,Turvi Lata,FIR/2024/04465,FIR/2025/28245,1,SHARED_COMPLAINANT
Arin Grover,Darpan Barad,Turvi Sachdev,FIR/2024/06177,FIR/2023/01726,1,SHARED_COMPLAINANT
Arin Grover,Gaurangi Gala,Turvi Sachdev,FIR/2024/06177,FIR/2023/00263,1,SHARED_COMPLAINANT
Darpan Barad,Gaurangi Gala,Turvi Sachdev,FIR/2023/01726,FIR/2023/00263,1,SHARED_COMPLAINANT
David Tak,Elijah Chowdhury,Ubika Bansal,FIR/2024/21778,FIR/2024/17384,1,SHARED_COMPLAINANT
Aadi Grewal,Ishita Mane,Ucchal Dua,FIR/2024/17085,FIR/2024/04814,1,SHARED_COMPLAINANT
Bachittar Yohannan,Januja Bandi,Udant Bhardwaj,FIR/2024/14620,FIR/2024/14261,1,SHARED_COMPLAINANT
Amaira Sant,Anjali Anand,Udant Kanda,FIR/2023/28179,FIR/2023/04813,1,SHARED_COMPLAINANT
Chandresh Wable,Chatresh Rai,Udant Mand,FIR/2024/11177,FIR/2024/24663,1,SHARED_COMPLAINANT
Ekaraj Basu,Jason Mandal,Udarsh Bath,FIR/2023/14789,FIR/2023/02998,1,SHARED_COMPLAINANT
Kevin Ahluwalia,Osha Sur,Udarsh Ganesan,FIR/2025/08160,FIR/2024/12458,1,SHARED_COMPLAINANT
Jagvi Sastry,Yashasvi Mukherjee,Udarsh Sengupta,FIR/2024/12820,FIR/2025/26843,1,SHARED_COMPLAINANT
Ishani Atwal,Pavani Sridhar,Udarsh Vasa,FIR/2023/24850,FIR/2023/19563,1,SHARED_COMPLAINANT
Ekta Rau,Raksha Ranganathan,Unnati Doshi,FIR/2024/29526,FIR/2023/13921,1,SHARED_COMPLAINANT
Ekaraj Brahmbhatt,Umang Bhatia,Unnati Kala,FIR/2025/21124,FIR/2025/02554,1,SHARED_COMPLAINANT
Jeevika Comar,Samaksh Bhatnagar,Upadhriti Parikh,FIR/2024/26490,FIR/2024/28804,1,SHARED_COMPLAINANT
Bakhshi Dalal,Ekalinga Murty,Upadhriti Raghavan,FIR/2024/21603,FIR/2025/27812,1,SHARED_COMPLAINANT
Kamya Nagy,Omaja Sachdeva,Upadhriti Ray,FIR/2025/20380,FIR/2025/26070,1,SHARED_COMPLAINANT
Hemang Tella,Kashish Mallick,Upadhriti Vala,FIR/2024/25274,FIR/2023/17189,1,SHARED_COMPLAINANT
Anamika Verma,Bachittar Gara,Upma Balakrishnan,FIR/2025/23699,FIR/2023/24643,1,SHARED_COMPLAINANT
Mahika Karan,Ojas Batra,Upma Bera,FIR/2023/05095,FIR/2023/01130,1,SHARED_COMPLAINANT
Ishanvi Dass,Xavier Solanki,Urishilla Agrawal,FIR/2023/08312,FIR/2024/09139,1,SHARED_COMPLAINANT
Brinda Das,Ronith Jaggi,Urishilla Sekhon,FIR/2025/29476,FIR/2024/06350,1,SHARED_COMPLAINANT
Elijah Bawa,Turvi Mannan,Urmi Dewan,FIR/2024/22850,FIR/2023/00477,1,SHARED_COMPLAINANT
Indrajit Madan,Yochana Pingle,Urmi Nazareth,FIR/2025/19249,FIR/2024/17286,1,SHARED_COMPLAINANT
Daniel Sachar,Omisha Ramaswamy,Urmi Wagle,FIR/2023/00996,FIR/2023/23357,1,SHARED_COMPLAINANT
Mekhala Bose,Rohan Sengupta,Urvashi Bhakta,FIR/2023/13942,FIR/2025/11642,1,SHARED_COMPLAINANT
Faris Dass,Samesh Ravel,Urvashi Pall,FIR/2023/26448,FIR/2023/02825,1,SHARED_COMPLAINANT
Ekaja Kari,Gaurika Banerjee,Urvashi Ray,FIR/2023/00061,FIR/2023/13583,1,SHARED_COMPLAINANT
Aachal Wadhwa,Orinder Pai,Urvi Jain,FIR/2024/05839,FIR/2025/15221,1,SHARED_COMPLAINANT
Jatin Vora,Udant Bala,Vamakshi Barad,FIR/2023/20003,FIR/2024/01365,1,SHARED_COMPLAINANT
Abhimanyu Seth,Lipika Gupta,Vamakshi Dugar,FIR/2023/21390,FIR/2023/02139,1,SHARED_COMPLAINANT
Gauri Khatri,Triya Chaudhuri,Vansha Bumb,FIR/2025/27564,FIR/2023/16452,1,SHARED_COMPLAINANT
Jasmit Talwar,Manbir Nori,Vansha Desai,FIR/2023/29747,FIR/2024/03579,1,SHARED_COMPLAINANT
Chanakya Thaker,Darika Sama,Vansha Iyengar,FIR/2024/00624,FIR/2023/20058,1,SHARED_COMPLAINANT
Unni Chhabra,Varsha Dasgupta,Vansha Mahajan,FIR/2024/20082,FIR/2023/07351,1,SHARED_COMPLAINANT
Alexander Bhandari,Keya Chaudhry,Vansha Srinivasan,FIR/2023/13855,FIR/2023/08262,1,SHARED_COMPLAINANT
Ayaan Modi,Idika Shan,Vanya Som,FIR/2023/07426,FIR/2023/05674,1,SHARED_COMPLAINANT
Baljiwan Shan,Bhavini Comar,Varenya Chaudhari,FIR/2024/01962,FIR/2025/13053,1,SHARED_COMPLAINANT
Ekbal Sha,Nakul Sehgal,Varenya Kade,FIR/2024/18687,FIR/2025/01349,1,SHARED_COMPLAINANT
Eshana Biswas,Zinal Basu,Varenya Wason,FIR/2024/21331,FIR/2024/08044,1,SHARED_COMPLAINANT
Ekta Jain,Pushti Arora,Varsha Prabhakar,FIR/2023/04426,FIR/2023/26632,1,SHARED_COMPLAINANT
Anmol Agrawal,Nathaniel Sengupta,Vasana Sule,FIR/2025/05345,FIR/2023/04108,1,SHARED_COMPLAINANT
Noah Ram,Samesh Anne,Vasana Wali,FIR/2023/17357,FIR/2023/06898,1,SHARED_COMPLAINANT
Radhika Butala,Ranveer Jaggi,Vasatika Bhatia,FIR/2023/28234,FIR/2023/27534,1,SHARED_COMPLAINANT
Aachal Salvi,Lopa Chatterjee,Vasudha Batra,FIR/2024/09004,FIR/2024/19785,1,SHARED_COMPLAINANT
Aachal Salvi,Yahvi Sandal,Vasudha Batra,FIR/2024/09004,FIR/2024/10400,1,SHARED_COMPLAINANT
Lopa Chatterjee,Yahvi Sandal,Vasudha Batra,FIR/2024/19785,FIR/2024/10400,1,SHARED_COMPLAINANT
Naksh Sunder,Orinder Naidu,Vasudha Kunda,FIR/2024/11220,FIR/2023/17687,1,SHARED_COMPLAINANT
Amaira Solanki,Ishita Atwal,Veda Bhavsar,FIR/2023/12415,FIR/2023/04918,1,SHARED_COMPLAINANT
Reva Savant,Udyati Shanker,Veda Bumb,FIR/2025/11207,FIR/2024/27528,1,SHARED_COMPLAINANT
Ethan Sami,Sanaya Narayanan,Veda Dhingra,FIR/2024/20736,FIR/2023/26135,1,SHARED_COMPLAINANT
Omaja Pandya,Udarsh Konda,Veda Sankar,FIR/2023/02082,FIR/2024/10276,1,SHARED_COMPLAINANT
Ekavir Jha,Jason Verma,Vedant Jain,FIR/2024/29239,FIR/2023/03955,1,SHARED_COMPLAINANT
Benjamin Nagy,Rohan Murty,Vedant Oza,FIR/2024/24313,FIR/2024/18961,1,SHARED_COMPLAINANT
Joshua Kashyap,Unnati Radhakrishnan,Vedhika Sandal,FIR/2023/27893,FIR/2023/27996,1,SHARED_COMPLAINANT
Ishwar Suresh,Victor Mittal,Veer Misra,FIR/2025/19203,FIR/2025/09022,1,SHARED_COMPLAINANT
Sudiksha Golla,Wazir Kuruvilla,Veer Subramaniam,FIR/2025/16174,FIR/2023/01369,1,SHARED_COMPLAINANT
Chakrika Parekh,Naksh Dubey,Victor Khatri,FIR/2023/17043,FIR/2024/14727,1,SHARED_COMPLAINANT
Gaurika Parsa,Riya Misra,Victor Mody,FIR/2024/11765,FIR/2023/05717,1,SHARED_COMPLAINANT
Ansh Lall,Chaaya Aggarwal,Vinaya Babu,FIR/2024/28405,FIR/2023/00727,1,SHARED_COMPLAINANT
Jack Agrawal,Jeremiah Rastogi,Vinaya More,FIR/2024/11428,FIR/2024/08920,1,SHARED_COMPLAINANT
Ayaan Mahajan,Lila Yohannan,Vinaya Ramakrishnan,FIR/2025/12024,FIR/2025/07783,1,SHARED_COMPLAINANT
Omaja Nagar,Vedant Shenoy,Vinaya Swamy,FIR/2024/18261,FIR/2025/14621,1,SHARED_COMPLAINANT
Qushi Yogi,Suhani Kara,Vincent Tripathi,FIR/2023/19594,FIR/2025/02345,1,SHARED_COMPLAINANT
Theodore Bumb,Urmi Yohannan,Viraj Chacko,FIR/2024/28939,FIR/2023/01372,1,SHARED_COMPLAINANT
Bimala Oza,Jackson Edwin,Viraj Chada,FIR/2024/06616,FIR/2023/17375,1,SHARED_COMPLAINANT
Gavin Tandon,Indali Karpe,Viraj Chana,FIR/2025/13224,FIR/2024/07555,1,SHARED_COMPLAINANT
Ganga Borde,Rayaan Kale,Viraj Prakash,FIR/2023/27624,FIR/2023/23940,1,SHARED_COMPLAINANT
Dev Amble,Matthew Dani,Viraj Raman,FIR/2023/22993,FIR/2023/21809,1,SHARED_COMPLAINANT
Madhav Kalita,Omisha Trivedi,Vivaan Mohan,FIR/2023/27958,FIR/2023/28062,1,SHARED_COMPLAINANT
Amruta Sehgal,Kabir Dugal,Vivaan Murty,FIR/2023/05871,FIR/2024/17167,1,SHARED_COMPLAINANT
Jagdish Krishna,Yagnesh Ghose,Vrinda Kade,FIR/2023/09668,FIR/2025/13174,1,SHARED_COMPLAINANT
Aarna Swamy,Omisha Tata,Vrinda Lanka,FIR/2024/06977,FIR/2025/01051,1,SHARED_COMPLAINANT
Peter Batra,Tanish Oak,Vrinda Mishra,FIR/2023/18661,FIR/2023/22290,1,SHARED_COMPLAINANT
Kai Kala,Tanish Mutti,Vrinda Sarin,FIR/2025/27115,FIR/2024/10611,1,SHARED_COMPLAINANT
Harsh Konda,Mugdha Kakar,Vrishti Baria,FIR/2025/07925,FIR/2023/25889,1,SHARED_COMPLAINANT
Ekansh Natarajan,Wakeeta Dube,Vrishti Gara,FIR/2023/05708,FIR/2023/18364,1,SHARED_COMPLAINANT
Robert Bajaj,Xalak Naik,Vrishti Hayre,FIR/2023/29051,FIR/2023/16929,1,SHARED_COMPLAINANT
Abhimanyu Buch,Raagini Walla,Vrishti Saha,FIR/2023/02414,FIR/2025/15358,1,SHARED_COMPLAINANT
Aahana Virk,Rishi Dutt,Vrishti Wable,FIR/2023/14041,FIR/2023/00823,1,SHARED_COMPLAINANT
Dhriti Nazareth,Yachana Bassi,Vritti Dash,FIR/2023/08495,FIR/2023/18260,1,SHARED_COMPLAINANT
Nakul Varughese,Sneha Krishnamurthy,Vritti Rai,FIR/2023/07869,FIR/2023/21142,1,SHARED_COMPLAINANT
Ayush Banerjee,Pavani Sibal,Wahab Chaudhry,FIR/2024/01307,FIR/2024/28425,1,SHARED_COMPLAINANT
Laban Apte,Rajata Chanda,Wahab Dewan,FIR/2024/28068,FIR/2024/06713,1,SHARED_COMPLAINANT
Charvi Buch,Rachit Borah,Wahab Mangal,FIR/2024/29072,FIR/2025/16100,1,SHARED_COMPLAINANT
Leena Sekhon,Radhika Pillai,Wahab Palla,FIR/2023/03535,FIR/2023/03622,1,SHARED_COMPLAINANT
Leena Sekhon,Udarsh Doshi,Wahab Palla,FIR/2023/03535,FIR/2024/09605,1,SHARED_COMPLAINANT
Radhika Pillai,Udarsh Doshi,Wahab Palla,FIR/2023/03622,FIR/2024/09605,1,SHARED_COMPLAINANT
Oliver Chana,Umang Venkataraman,Wahab Sarraf,FIR/2025/03498,FIR/2023/28532,1,SHARED_COMPLAINANT
Upadhriti Guha,Vasatika Chad,Waida Bose,FIR/2024/10334,FIR/2023/10021,1,SHARED_COMPLAINANT
Urvashi Dugal,Wahab Loke,Waida Suresh,FIR/2024/11273,FIR/2024/08936,1,SHARED_COMPLAINANT
Damini Sarraf,Maya Mitter,Wakeeta Kala,FIR/2024/05911,FIR/2025/10283,1,SHARED_COMPLAINANT
Mahika Dey,Yauvani Puri,Wakeeta Nagy,FIR/2025/21883,FIR/2025/24682,1,SHARED_COMPLAINANT
Balveer Varghese,Jasmit Gola,Wakeeta Om,FIR/2024/18569,FIR/2024/03585,1,SHARED_COMPLAINANT
Darika Bandi,Ronith Prabhu,Wakeeta Sandhu,FIR/2023/11073,FIR/2023/15904,1,SHARED_COMPLAINANT
Tejas Parmer,Yug Brar,Warda Warrior,FIR/2024/25596,FIR/2024/18633,1,SHARED_COMPLAINANT
Amrita De,Balhaar Mander,Warhi Hegde,FIR/2024/07291,FIR/2025/27892,1,SHARED_COMPLAINANT
Damyanti Varma,Ishanvi Iyengar,Warhi Khosla,FIR/2024/12117,FIR/2025/01963,1,SHARED_COMPLAINANT
Qushi Iyer,Vansha Gulati,Warhi Tiwari,FIR/2023/27926,FIR/2024/13778,1,SHARED_COMPLAINANT
Lakshit Chand,Logan Sharaf,Warinder Lal,FIR/2023/14839,FIR/2025/24424,1,SHARED_COMPLAINANT
Chatresh Sunder,Yuvraj Sharma,Watika Mane,FIR/2023/09651,FIR/2025/20802,1,SHARED_COMPLAINANT
Leena Srivastava,Sai Hari,Wazir Ahuja,FIR/2025/11970,FIR/2023/10882,1,SHARED_COMPLAINANT
Anusha Chacko,Kamya Banerjee,Wazir Sangha,FIR/2023/29926,FIR/2024/14200,1,SHARED_COMPLAINANT
Ayush Deep,Vasatika Parekh,Widisha Prabhu,FIR/2024/14498,FIR/2023/28765,1,SHARED_COMPLAINANT
Hemal Nayak,William Upadhyay,William Prakash,FIR/2023/10944,FIR/2023/16618,1,SHARED_COMPLAINANT
Jagdish Sinha,Sarthak Narayanan,Wishi Agrawal,FIR/2024/21420,FIR/2023/01227,1,SHARED_COMPLAINANT
Indali Kala,Samar Pandya,Wishi Chandra,FIR/2023/03119,FIR/2024/02276,1,SHARED_COMPLAINANT
Gabriel Rana,Veda Sampath,Wridesh Kashyap,FIR/2024/04695,FIR/2025/13544,1,SHARED_COMPLAINANT
Ekiya Badal,Kashish Brahmbhatt,Wridesh Saxena,FIR/2025/20233,FIR/2023/03557,1,SHARED_COMPLAINANT
Bhanumati Balay,Nidhi Ramaswamy,Wyatt Agate,FIR/2024/12824,FIR/2023/22296,1,SHARED_COMPLAINANT
Bhanumati Balay,Upkaar Shanker,Wyatt Agate,FIR/2024/12824,FIR/2025/18318,1,SHARED_COMPLAINANT
Nidhi Ramaswamy,Upkaar Shanker,Wyatt Agate,FIR/2023/22296,FIR/2025/18318,1,SHARED_COMPLAINANT
Dalaja Chaudry,Tamanna Malhotra,Wyatt Behl,FIR/2025/21772,FIR/2023/27896,1,SHARED_COMPLAINANT
Tanvi Datta,Vedhika Chahal,Wyatt Madan,FIR/2023/29084,FIR/2023/11984,1,SHARED_COMPLAINANT
Aashi Parekh,Nachiket Rajan,Wyatt Modi,FIR/2023/02396,FIR/2023/05183,1,SHARED_COMPLAINANT
Advay Kanda,Veda Sura,Wyatt Mohan,FIR/2025/17305,FIR/2023/13395,1,SHARED_COMPLAINANT
Aarnav Soman,Bhavika Chaudhary,Wyatt Padmanabhan,FIR/2023/22167,FIR/2025/28088,1,SHARED_COMPLAINANT
Ekantika Karpe,Sai Agate,Xalak Khurana,FIR/2023/19238,FIR/2024/23766,1,SHARED_COMPLAINANT
Falan Borah,Hemal Gaba,Xalak Munshi,FIR/2023/03684,FIR/2024/24014,1,SHARED_COMPLAINANT
Charles Memon,Madhavi Bakshi,Xavier Jha,FIR/2025/02711,FIR/2025/03288,1,SHARED_COMPLAINANT
Darpan Gola,Kashish Rai,Xiti Sethi,FIR/2024/12892,FIR/2023/29001,1,SHARED_COMPLAINANT
Avni Bhatnagar,Lavanya Sastry,Yachana Balan,FIR/2023/20159,FIR/2025/21707,1,SHARED_COMPLAINANT
Eshana Gaba,Zashil Sama,Yachana Dhaliwal,FIR/2024/24812,FIR/2024/06725,1,SHARED_COMPLAINANT
Amrita Mander,Oeshi Thaman,Yachana Ramachandran,FIR/2025/07112,FIR/2024/02942,1,SHARED_COMPLAINANT
Warhi Din,Yashasvi Hari,Yadavi Bal,FIR/2023/29566,FIR/2024/19381,1,SHARED_COMPLAINANT
Dominic Muni,Imaran Baria,Yadavi Sankar,FIR/2024/17575,FIR/2023/03308,1,SHARED_COMPLAINANT
Avi Sinha,Ethan Jaggi,Yadavi Sundaram,FIR/2023/28153,FIR/2024/18774,1,SHARED_COMPLAINANT
Krishna Bal,Turvi Bail,Yagnesh Dutt,FIR/2023/08313,FIR/2023/01779,1,SHARED_COMPLAINANT
Kavya Gade,Vedika Din,Yagnesh Kala,FIR/2023/24494,FIR/2025/08715,1,SHARED_COMPLAINANT
Ekapad Basu,Manthan Malhotra,Yahvi Arya,FIR/2025/02700,FIR/2023/25130,1,SHARED_COMPLAINANT
Anamika Nigam,Neel Srinivas,Yamini Solanki,FIR/2025/28469,FIR/2023/10437,1,SHARED_COMPLAINANT
Eta Baria,Hemang Chhabra,Yash Anand,FIR/2025/03132,FIR/2024/08239,1,SHARED_COMPLAINANT
Peter Kala,Pratyush Khare,Yash Ray,FIR/2025/08636,FIR/2024/06661,1,SHARED_COMPLAINANT
Manan Tailor,Waida Barad,Yashasvi Bir,FIR/2023/13631,FIR/2025/02092,1,SHARED_COMPLAINANT
Rachita Char,Saksham Khalsa,Yashasvi Shankar,FIR/2023/00573,FIR/2023/20615,1,SHARED_COMPLAINANT
Pranit Nayar,Vritti Ranganathan,Yashawini Konda,FIR/2024/26118,FIR/2023/03669,1,SHARED_COMPLAINANT
Anay Kumar,Ekiya Wadhwa,Yashawini Mann,FIR/2025/16813,FIR/2024/23959,1,SHARED_COMPLAINANT
Ekalinga Kapadia,Irya Warrior,Yashica Dhar,FIR/2025/28964,FIR/2025/16017,1,SHARED_COMPLAINANT
Siddharth Mann,Upadhriti Singhal,Yashica Mahal,FIR/2024/23157,FIR/2023/12761,1,SHARED_COMPLAINANT
Pahal Baria,Rushil Hari,Yashica Mammen,FIR/2023/25705,FIR/2025/18788,1,SHARED_COMPLAINANT
Aayush Dayal,Benjamin Dash,Yashica Shah,FIR/2025/23336,FIR/2023/19921,1,SHARED_COMPLAINANT
Charita Ramaswamy,Warhi Mohan,Yashoda Goda,FIR/2025/29132,FIR/2024/27114,1,SHARED_COMPLAINANT
Bhanumati Doctor,Wishi Kaur,Yashoda Pant,FIR/2024/16675,FIR/2023/21136,1,SHARED_COMPLAINANT
Aarush Tara,Orinder Walla,Yashoda Patla,FIR/2024/14961,FIR/2023/22127,1,SHARED_COMPLAINANT
Jonathan Mallick,Sai Sundaram,Yashvi Chandran,FIR/2025/07931,FIR/2023/12494,1,SHARED_COMPLAINANT
Diya Bahri,Vincent Wadhwa,Yashvi Dua,FIR/2024/23557,FIR/2024/20505,1,SHARED_COMPLAINANT
Aachal Agarwal,Ranveer Misra,Yasti Dalal,FIR/2024/23508,FIR/2025/01167,1,SHARED_COMPLAINANT
Chaitaly Dewan,Kala Goda,Yasti Dhar,FIR/2023/18980,FIR/2023/26508,1,SHARED_COMPLAINANT
Nikita Dubey,Oviya Sule,Yasti Dutta,FIR/2024/25570,FIR/2024/21727,1,SHARED_COMPLAINANT
Qabil Bhalla,Rajeshri Varughese,Yasti Keer,FIR/2025/20628,FIR/2024/23021,1,SHARED_COMPLAINANT
Noah Viswanathan,Prisha Krishna,Yatan Devan,FIR/2023/03613,FIR/2023/10036,1,SHARED_COMPLAINANT
Divya Kar,Lipika Rau,Yatan Venkataraman,FIR/2024/27168,FIR/2025/01666,1,SHARED_COMPLAINANT
Atharv Dayal,Hemal Seshadri,Yatin Oza,FIR/2025/24391,FIR/2023/28554,1,SHARED_COMPLAINANT
Odika Seth,Pranav Dewan,Yatin Patla,FIR/2023/12343,FIR/2023/08140,1,SHARED_COMPLAINANT
Balhaar Ramaswamy,Ekaraj Dugar,Yauvani Bajaj,FIR/2023/08789,FIR/2023/03663,1,SHARED_COMPLAINANT
Geetika Toor,Patrick Mahajan,Yauvani Bumb,FIR/2023/26600,FIR/2023/23758,1,SHARED_COMPLAINANT
Amol Baria,Laksh Bal,Yauvani Choudhry,FIR/2024/06838,FIR/2023/27616,1,SHARED_COMPLAINANT
Jeet Chhabra,Jeevika Malhotra,Yauvani Ramesh,FIR/2025/28643,FIR/2024/05993,1,SHARED_COMPLAINANT
Charan Agarwal,Tanvi Tak,Yochana Parmar,FIR/2024/02541,FIR/2024/28353,1,SHARED_COMPLAINANT
Hemani Roy,Oni Shetty,Yochana Som,FIR/2024/27865,FIR/2023/06492,1,SHARED_COMPLAINANT
Ekani Chhabra,Vasatika Sachdeva,Yoshita Vyas,FIR/2024/05364,FIR/2023/28886,1,SHARED_COMPLAINANT
Lakshit Solanki,Teerth Reddy,Yug Bhatti,FIR/2023/27663,FIR/2023/13754,1,SHARED_COMPLAINANT
Bimala Bhandari,Krishna Saha,Yug Edwin,FIR/2023/02748,FIR/2023/18698,1,SHARED_COMPLAINANT
Hiral Thakur,Meghana Chadha,Yutika Anne,FIR/2024/29919,FIR/2024/09767,1,SHARED_COMPLAINANT
Bhavika Lad,Rushil Sabharwal,Yutika Sama,FIR/2024/18737,FIR/2024/02153,1,SHARED_COMPLAINANT
Azaan Bora,Maanas Mani,Zaid Varughese,FIR/2023/08635,FIR/2023/18194,1,SHARED_COMPLAINANT
Odika Kale,Shivani Gopal,Zaitra Kala,FIR/2025/03618,FIR/2024/18209,1,SHARED_COMPLAINANT
Dhruv Saxena,Logan Kapadia,Zansi Virk,FIR/2025/26722,FIR/2024/06919,1,SHARED_COMPLAINANT
Lohit Balasubramanian,Tanish Sidhu,Zashil Sachdev,FIR/2024/29278,FIR/2025/26133,1,SHARED_COMPLAINANT
Bhavna Zacharia,Hamsini Saran,Zayan Jain,FIR/2024/16513,FIR/2025/01251,1,SHARED_COMPLAINANT
Ekbal Desai,Neel Bail,Zayan Magar,FIR/2023/05006,FIR/2023/26473,1,SHARED_COMPLAINANT
Gautam Grewal,Rachit Kari,Zayan Shenoy,FIR/2023/05509,FIR/2023/15815,1,SHARED_COMPLAINANT
Jeevika Kumar,Rishi Narasimhan,Zayyan Venkatesh,FIR/2024/22558,FIR/2024/15399,1,SHARED_COMPLAINANT
Abeer Murthy,Lakshit Contractor,Zehaan Mangal,FIR/2023/11274,FIR/2024/08100,1,SHARED_COMPLAINANT
Fariq Sharaf,Samarth Sule,Zehaan Patla,FIR/2024/10631,FIR/2024/03340,1,SHARED_COMPLAINANT
Kashvi Gara,Xiti Mangat,Zehaan Purohit,FIR/2023/15182,FIR/2023/09042,1,SHARED_COMPLAINANT
Faraj Khalsa,Hiral Bains,Zilmil Doshi,FIR/2024/14003,FIR/2023/04078,1,SHARED_COMPLAINANT
