entity,degree_centrality,betweenness_centrality,pagerank,influence_score,high_connectivity,bridge_entity,high_influence,risk_flags,review_priority
Suresh Roy,0.7778,0.3935,0.1974,0.48839,True,True,True,3,HIGH PRIORITY REVIEW
Rahul Sharma,0.6667,0.3333,0.1733,0.4186599999999999,False,False,False,0,NO FLAG
Amit Das,0.5556,0.1019,0.1381,0.29424,False,False,False,0,NO FLAG
Arjun Singh,0.5556,0.088,0.1379,0.29001,False,False,False,0,NO FLAG
Howrah Station,0.3333,0.0,0.0859,0.15909,False,False,False,0,NO FLAG
Durgapur City,0.2222,0.0,0.0635,0.10793,False,False,False,0,NO FLAG
Durgapur Railway,0.2222,0.0,0.063,0.10778,False,False,False,0,NO FLAG
Park Street,0.2222,0.0,0.0624,0.1076,False,False,False,0,NO FLAG
City Centre,0.1111,0.0,0.0395,0.05629,False,False,False,0,NO FLAG
Asansol Market,0.1111,0.0,0.039,0.05614,False,False,False,0,NO FLAG
