entity,transaction_count,unique_contacts,outgoing_transactions,incoming_transactions,outgoing_amount,incoming_amount,total_transaction_value,transaction_activity_score
ACC2341,0,0,0,0,0.0,0.0,0.0,0.0
ACC2345,0,0,0,0,0.0,0.0,0.0,0.0
ACC2346,0,0,0,0,0.0,0.0,0.0,0.0
ACC2349,0,0,0,0,0.0,0.0,0.0,0.0
ACC3452,0,0,0,0,0.0,0.0,0.0,0.0
ACC3455,0,0,0,0,0.0,0.0,0.0,0.0
ACC3457,0,0,0,0,0.0,0.0,0.0,0.0
ACC3458,0,0,0,0,0.0,0.0,0.0,0.0
ACC4561,0,0,0,0,0.0,0.0,0.0,0.0
ACC4562,0,0,0,0,0.0,0.0,0.0,0.0
ACC4563,0,0,0,0,0.0,0.0,0.0,0.0
ACC4567,0,0,0,0,0.0,0.0,0.0,0.0
ACC5672,0,0,0,0,0.0,0.0,0.0,0.0
ACC5674,0,0,0,0,0.0,0.0,0.0,0.0
ACC5676,0,0,0,0,0.0,0.0,0.0,0.0
ACC5679,0,0,0,0,0.0,0.0,0.0,0.0
ACC6787,0,0,0,0,0.0,0.0,0.0,0.0
ACC6789,0,0,0,0,0.0,0.0,0.0,0.0
ACC7890,0,0,0,0,0.0,0.0,0.0,0.0
ACC7891,0,0,0,0,0.0,0.0,0.0,0.0
ACC7894,0,0,0,0,0.0,0.0,0.0,0.0
ACC7898,0,0,0,0,0.0,0.0,0.0,0.0
ACC9013,0,0,0,0,0.0,0.0,0.0,0.0
ACC9016,0,0,0,0,0.0,0.0,0.0,0.0
ACC9017,0,0,0,0,0.0,0.0,0.0,0.0
ACC9018,0,0,0,0,0.0,0.0,0.0,0.0
u_123,177,7,78,99,296340.0,334862.0,631202.0,100.0
u_234,135,7,64,71,191793.0,251490.0,443283.0,100.0
u_456,146,7,72,74,229749.0,251739.0,481488.0,100.0
u_567,88,7,53,35,123660.0,100250.0,223910.0,100.0
u_678,126,7,66,60,177935.0,203350.0,381285.0,100.0
u_789,107,7,51,56,153260.0,196605.0,349865.0,100.0
u_890,48,7,30,18,111615.0,48060.0,159675.0,100.0
u_901,151,7,75,76,288988.0,186984.0,475972.0,100.0
